load_id	source_name	source	interface_id	interface_name	load_type	source_object_schema	source_object	source_field	source_condition	from	to	target_object_schema	target_object	target_field	target_condition	interval_type	synapse_object_schema	synapse_object	synapse_object_type	r_mig_flg	b_mig_flg	c_mig_flg	usecase_id	src_sys_id	trigger_id	rest_call_url	remark
1	EAI	EBEST	IF_SRR_DPS_EBEST_0001	이베스트 제공 원자재가 데이터 I/F	upsert	dbo	OD_CSC_RAWMATERIALSTREND		full			BIS_MGR	OD_CSC_RAWMATERIALSTREND		full		dbo	CSC_RAWMATERIALSTREND	internal	1	1	1	1	1	1	prod	
2	EAI	EBEST	IF_SRR_DPS_EBEST_0002	이베스트 제공 주가 데이터 I/F	upsert	dbo	OD_CSC_LSCABLESTOCKTREND		full			BIS_MGR	OD_CSC_LSCABLESTOCKTREND		full		dbo	CSC_LSCABLESTOCKTREND	internal	1	1	1	1	1	1	prod	
3	EAI	EBEST	IF_SRR_DPS_EBEST_0003	이베스트 제공 환율 데이터 I/F	upsert	dbo	OD_CSC_EXCHANGERATETREND		full			BIS_MGR	OD_CSC_EXCHANGERATETREND		full		dbo	CSC_EXCHANGERATETREND	internal	1	1	1	1	1	1	prod	
4	EAI	EBEST	IF_SRR_DPS_EBEST_0007	이베스트 제공 주가 현재가 데이터 I/F	upsert	dbo	OD_CSC_LSCABLESTOCKTREND_V2		full			BIS_MGR	OD_CSC_LSCABLESTOCKTREND		full		dbo	OD_CSC_LSCABLESTOCKTREND_V2	internal	1	1	1	1	1	1	prod	
5	EAI	EBEST	IF_SRR_DPS_EBEST_0008	이베스트 제공 환율 현재가 데이터 I/F	upsert	dbo	OD_CSC_EXCHANGERATETREND_V2		full			BIS_MGR	OD_CSC_EXCHANGERATETREND		full		dbo	OD_CSC_EXCHANGERATETREND_V2	internal	1	1	1	1	1	1	prod	
6	EAI	EBIZ	IF_SRD_DPS_EBIZ_0001	재무코드 정보	full	dbo	CO_GNMN_ACCT_CODE_INFO		full			BIS_MGR	OD_ENF_TAC_18C		full		EBIZ	CO_GNMN_ACCT_CODE_INFO	external	1	1	1	1	1	1	prod	
7	EAI	EBIZ	IF_SRD_DPS_EBIZ_0002	Item별사업계획	incremental	dbo	BP_COST_ITEM_COST_PLAN	FROM_YYYY,TO_YYYY	yyyy			BIS_MGR	OD_ENF_TPN_58M	PLAN_YYYY,PLAN_YYYY	yyyy	yy	EBIZ	BP_COST_ITEM_COST_PLAN	internal	1	1	1	1	1	1	prod	
8	EAI	EBIZ	IF_SRD_DPS_EBIZ_0003	사업계획FSG	incremental	dbo	BP_COST_PLAN_FSG	FROM_YYYY,TO_YYYY	yyyy			BIS_MGR	OD_ENF_TPN_B5M	PLAN_YYYY,PLAN_YYYY	yyyy	yy	EBIZ	BP_COST_PLAN_FSG	internal	1	1	1	1	1	1	prod	
9	EAI	EBIZ	IF_SRD_DPS_EBIZ_0004	사업계획 Item별 제조원가	incremental	dbo	IF_BI_MFG_COST_PLAN	FROM_YYYY,TO_YYYY	yyyy			BIS_MGR	OD_ENF_TBI_10M	PLAN_YYYY,PLAN_YYYY	yyyy	yy	EBIZ	IF_BI_MFG_COST_PLAN	internal	1	1	1	1	1	1	prod	
10	EAI	EBIZ	IF_SRD_DPS_EBIZ_0005	사업계획 양산매출	incremental	dbo	IF_BI_MFG_SALES_PLAN	FROM_YYYY,TO_YYYY	yyyy			BIS_MGR	OD_ENF_TBI_03M	PLAN_YYYYMM,PLAN_YYYYMM	yyyy	yy	EBIZ	IF_BI_MFG_SALES_PLAN	internal	1	1	1	1	1	1	prod	
11	EAI	EBIZ	IF_SRD_DPS_EBIZ_0006	사업계획 영업팀별 매출손익	incremental	dbo	BP_COST_DEPT_SALES_PL	FROM_YYYY,TO_YYYY	yyyy			BIS_MGR	OD_ENF_TPN_73M	PLAN_YYYY,PLAN_YYYY	yyyy	yy	EBIZ	BP_COST_DEPT_SALES_PL	internal	1	1	1	1	1	1	prod	
12	EAI	EBIZ	IF_SRD_DPS_EBIZ_0007	이동계획 손익계산서	incremental	dbo	RP_COST_FINANCE_PLAN_PRGRS	FROM_YYYYMM,TO_YYYYMM	yyyyMM			BIS_MGR	OD_ENF_MV_PL	PLAN_YYYYMM,PLAN_YYYYMM	yyyyMM	mm	EBIZ	RP_COST_FINANCE_PLAN_PRGRS	internal	1	1	1	1	1	1	prod	
13	EAI	EBIZ	IF_SRD_DPS_EBIZ_0008	재무코드정보	full	dbo	CO_GNMN_ACCT_ROW_SET		full			BIS_MGR	OD_ENF_TBI_01C		full		EBIZ	CO_GNMN_ACCT_ROW_SET	external	1	1	1	1	1	1	prod	
14	EAI	EBIZ	IF_SRD_DPS_EBIZ_0009	DASH_전사현황연결실적_일일매출이동계획	upsert	dbo	BI_DASH_KPI_INPUT_EBIZ	YYYYMM,YYYYMM	yyyyMM			EIS_DEV	BI_DASH_KPI_INPUT_EBIZ	YYYYMM,YYYYMM	yyyyMM	mm	dbo	BI_DASH_KPI_INPUT_EBIZ	internal	1	1	1	2	1	1	prod	
15	EAI	EBIZ	IF_SRD_DPS_EBIZ_0010	DASH_전사현황연결별도예상	upsert	dbo	BI_DASH_KPI_INPUT_MV_EXP	YYYYMM,YYYYMM	yyyyMM			EIS_DEV	BI_DASH_KPI_INPUT_MV_EXP	YYYYMM,YYYYMM	yyyyMM	mm	dbo	BI_DASH_KPI_INPUT_MV_EXP	internal	1	1	1	2	1	1	prod	
16	EAI	EBIZ	IF_SRD_DPS_EBIZ_0011	이동계획 팀별 매출	incremental	dbo	ENF_MV_SALES	FROM_YYYYMM,TO_YYYYMM	yyyyMM			BIS_MGR	OD_ENF_MV_SALES	PN_YM,PN_YM	yyyyMM	mm	EBIZ	ENF_MV_SALES	internal	1	1	1	1	1	1	prod	
17	EAI	ERP	IF_SRD_DPS_ERP_0002	GL 장부	full	dbo	GL_LEDGERS		full			BIS_MGR	OD_ERP_GL_LEDGERS		full		ERPSYS	ERP_GL_LEDGERS	external	1	1	1	1	1	1	prod	
18	EAI	ERP	IF_SRD_DPS_ERP_0003	사용자 정의 Value set 내 Value 정보	full	dbo	FND_FLEX_VALUES_VL		full			BIS_MGR	OD_ERP_FND_FLEX_VALU_VL_V		full		ERPSYS	ERP_FND_FLEX_VALU_VL_V	external	1	1	1	1	1	1	prod	
19	EAI	ERP	IF_SRD_DPS_ERP_0004	Value set Segment 정보	full	dbo	FND_ID_FLEX_SEGMENTS		full			BIS_MGR	OD_ERP_FND_ID_FLEX_SEGM		full		ERPSYS	ERP_FND_ID_FLEX_SEGM	external	1	1	1	1	1	1	prod	
20	EAI	ERP	IF_SRD_DPS_ERP_0005	Value Set Segments	full	dbo	FND_FLEX_VALUE_SETS		full			BIS_MGR	OD_ERP_FND_FLEX_VALUE_SETS		full		ERPSYS	ERP_FND_FLEX_VALUE_SETS	external	1	1	1	1	1	1	prod	
21	EAI	ERP	IF_SRD_DPS_ERP_0006	View Revenue & COGS	incremental	dbo	ERP_ECST_SALES_DETAILS	FROM_YYYYMM,TO_YYYYMM	yyyy-MM			BIS_MGR	OD_ERP_ECST_SALES_DETAILS	PERIOD,PERIOD	yyyy-MM	mm	ERPSYS	ERP_ECST_SALES_DETAILS	internal	1	1	1	1	1	1	prod	
22	EAI	ERP	IF_SRD_DPS_ERP_0007	법인 사업장 정보	full	dbo	ERP_HR_ALL_ORGA_UNITS		full			BIS_MGR	OD_ERP_HR_ALL_ORGA_UNITS		full		ERPSYS	ERP_HR_ALL_ORGA_UNITS	external	1	1	1	1	1	1	prod	
23	EAI	ERP	IF_SRD_DPS_ERP_0008	법인 사업장 정보	full	dbo	ORG_ORGANIZATION_DEFINITIONS		full			BIS_MGR	OD_ERP_EORG_ORGA_DEFI_V		full		ERPSYS	ERP_EORG_ORGA_DEFI_V	external	1	1	1	1	1	1	prod	
24	EAI	ERP	IF_SRD_DPS_ERP_0009	사업장 속성 정보	full	dbo	ERP_MTL_PARAMETERS		full			BIS_MGR	OD_ERP_MTL_PARAMETERS		full		ERPSYS	ERP_MTL_PARAMETERS	external	1	1	1	1	1	1	prod	
25	EAI	ERP	IF_SRD_DPS_ERP_0010	프로젝트 정보	upsert	dbo	PA_PROJECTS_ALL	FROM_DATE,TO_DATE	yyyyMMdd			BIS_MGR	OD_ERP_PA_PROJECTS_ALL	CREATION_DATE,LAST_UPDATE_DATE	yyyyMMdd	mm	ERPSYS	ERP_PA_PROJECTS_ALL	internal	1	1	1	1	1	1	prod	
26	EAI	ERP	IF_SRD_DPS_ERP_0011	Category 정보	full	dbo	MTL_CATEGORIES		full			BIS_MGR	OD_ERP_MTL_CATEGORIES_V		full		ERPSYS	ERP_MTL_CATEGORIES_V	external	1	1	1	1	1	1	prod	
27	EAI	ERP	IF_SRD_DPS_ERP_0012	Item Category	upsert	dbo	MTL_ITEM_CATEGORIES_V	FROM_DATE,TO_DATE	yyyyMMdd			BIS_MGR	OD_ERP_MTL_ITEM_CATE_V	LAST_UPDATE_DATE,LAST_UPDATE_DATE	yyyyMMdd	mm	ERPSYS	ERP_MTL_ITEM_CATE_V	internal	1	1	1	1	1	1	prod	
28	EAI	ERP	IF_SRD_DPS_ERP_0013	Lookup Values	upsert	dbo	FND_LOOKUP_VALUES	FROM_DATE,TO_DATE	yyyyMMdd			BIS_MGR	OD_ERP_FND_LOOKUP_VALUES	CREATION_DATE,LAST_UPDATE_DATE	yyyyMMdd	mm	ERPSYS	ERP_FND_LOOKUP_VALUES	internal	1	1	1	1	1	1	prod	
29	EAI	ERP	IF_SRD_DPS_ERP_0014	Project의 Class Code (제품류) 정보	upsert	dbo	PA_PROJECT_CLASSES	FROM_DATE,TO_DATE	yyyyMMdd			BIS_MGR	OD_ERP_PA_PROJECT_CLASSES	CREATION_DATE,LAST_UPDATE_DATE	yyyy-MM-dd	mm	ERPSYS	ERP_PA_PROJECT_CLASSES	internal	1	1	1	1	1	1	prod	
30	EAI	ERP	IF_SRD_DPS_ERP_0015	부가세 코드 정보	full	dbo	ZX_ID_TCC_MAPPING_ALL		full			BIS_MGR	OD_ERP_ZX_ID_TCC_MAPPING		full		ERPSYS	ERP_ZX_ID_TCC_MAPPING	external	1	1	1	1	1	1	prod	
31	EAI	ERP	IF_SRD_DPS_ERP_0016	수주 Event 수익배부정보	incremental	dbo	PA_CUST_EVENT_RDL_ALL	FROM_DATE,TO_DATE	yyyyMMdd			BIS_MGR	OD_ERP_PA_CUST_EVENT_RDL	CREATION_DATE,CREATION_DATE	yyyyMMdd	mm	ERPSYS	ERP_PA_CUST_EVENT_RDL	internal	1	1	1	1	1	1	prod	
32	EAI	ERP	IF_SRD_DPS_ERP_0017	Project의 Event 정보 	upsert	dbo	PA_EVENTS	FROM_DATE,TO_DATE	yyyyMMdd			BIS_MGR	OD_ERP_PA_EVENTS	CREATION_DATE,LAST_UPDATE_DATE	yyyyMMdd	mm	ERPSYS	ERP_PA_EVENTS	internal	1	1	1	1	1	1	prod	
33	EAI	ERP	IF_SRD_DPS_ERP_0018	수주 Task 정보	full	dbo	PA_TASKS		full			BIS_MGR	OD_ERP_PA_TASKS		full		ERPSYS	ERP_PA_TASKS	external	1	1	1	1	1	1	prod	
34	EAI	ERP	IF_SRD_DPS_ERP_0019	수주 거래선 정보	upsert	dbo	PA_PROJECT_CUSTOMERS	FROM_DATE,TO_DATE	yyyyMMdd			BIS_MGR	OD_ERP_PA_PROJ_CUSTOMERS	CREATION_DATE,LAST_UPDATE_DATE	yyyyMMdd	mm	ERPSYS	ERP_PA_PROJ_CUSTOMERS	internal	1	1	1	1	1	1	prod	
35	EAI	ERP	IF_SRD_DPS_ERP_0020	수주 매출 초안 정보 	upsert	dbo	PA_DRAFT_REVENUES_ALL	FROM_DATE,TO_DATE	yyyyMMdd			BIS_MGR	OD_ERP_PA_DRAFT_REVENUES	CREATION_DATE,LAST_UPDATE_DATE	yyyyMMdd	mm	ERPSYS	ERP_PA_DRAFT_REVENUES	internal	1	1	1	1	1	1	prod	
36	EAI	ERP	IF_SRD_DPS_ERP_0021	수주원가정보	incremental	dbo	ECST_PROJECT_COSTS	FROM_YYYYMM,TO_YYYYMM	yyyyMM			BIS_MGR	OD_ERP_ECST_PROJECT_COSTS	YYYYMM,YYYYMM	yyyyMM	mm	ERPSYS	ERP_ECST_PROJECT_COSTS	internal	1	1	1	1	1	1	prod	
37	EAI	ERP	IF_SRD_DPS_ERP_0022	ERP 인사 정보	full	dbo	PER_ALL_PEOPLE_F		full			BIS_MGR	OD_ERP_PER_ALL_PEOPLE_F		full		ERPSYS	ERP_PER_ALL_PEOPLE_F	external	1	1	1	1	1	1	prod	
38	EAI	ERP	IF_SRD_DPS_ERP_0023	Project 구성원 정보	full	dbo	PA_PROJECT_PLAYERS		full			BIS_MGR	OD_ERP_PA_PROJ_PLAYERS_V		full		ERPSYS	ERP_PA_PROJ_PLAYERS_V	external	0	0	0	1	1	1	prod	
39	EAI	ERP	IF_SRD_DPS_ERP_0024	서비스 Claim Items	upsert	dbo	ESVC_SYSTEM_ITEMS_CLAIM	FROM_DATE,TO_DATE	yyyyMMdd			BIS_MGR	OD_ERP_ESVC_SYST_ITEM_CLAI	CREATION_DATE,LAST_UPDATE_DATE	yyyyMMdd	mm	ERPSYS	ERP_ESVC_SYST_ITEM_CLAI	internal	1	1	1	1	1	1	prod	
40	EAI	ERP	IF_SRD_DPS_ERP_0025	수주 Segment Value Lookup 정보	full	dbo	PA_SEGMENT_VALUE_LOOKUPS		full			BIS_MGR	OD_ERP_PA_SEGMENT_VALUE		full		ERPSYS	ERP_PA_SEGMENT_VALUE	external	1	1	1	1	1	1	prod	
41	EAI	ERP	IF_SRD_DPS_ERP_0026	수주 Segment Value Set	full	dbo	PA_SEGMENT_VALUE_LOOKUP_SETS		full			BIS_MGR	OD_ERP_PA_SEGM_VALUE_SETS		full		ERPSYS	ERP_PA_SEGM_VALUE_SETS	external	1	1	1	1	1	1	prod	
42	EAI	ERP	IF_SRD_DPS_ERP_0027	수주 Task 진행기준 실적	incremental	dbo	EPA_POC_REVENUE	FROM_YYYYMM,TO_YYYYMM	yyyy-MM			BIS_MGR	OD_ERP_EPA_POC_REVENUE	YYYYMM,YYYYMM	yyyyMM	mm	ERPSYS	ERP_EPA_POC_REVENUE	internal	1	1	1	1	1	1	prod	
43	EAI	ERP	IF_SRD_DPS_ERP_0028	환율 정보	incremental	dbo	GL_DAILY_RATES_V	FROM_DATE,TO_DATE	yyyyMMdd			BIS_MGR	OD_ERP_GL_DAILY_RATES_V	CONVERSION_DATE,CONVERSION_DATE	yyyyMMdd	mm	ERPSYS	ERP_GL_DAILY_RATES_V	internal	1	1	1	1	1	1	prod	
44	EAI	ERP	IF_SRD_DPS_ERP_0029	AP 전표 Batch 정보	upsert	dbo	AP_BATCHES_ALL	FROM_DATE,TO_DATE	yyyyMMdd			BIS_MGR	OD_ERP_AP_BATCHES_ALL	CREATION_DATE,LAST_UPDATE_DATE	yyyyMMdd	mm	ERPSYS	ERP_AP_BATCHES_ALL	internal	1	1	1	1	1	1	prod	
45	EAI	ERP	IF_SRD_DPS_ERP_0030	BI 매출원가 양산 결산	incremental	dbo	ECST_BI_ITEM_COGS_DTL	FROM_YYYYMM,TO_YYYYMM	yyyyMM			BIS_MGR	OD_ERP_ECST_BI_ITEM_COGS_DTL	YYYYMM,YYYYMM	yyyyMM	mm	ERPSYS	ERP_ECST_BI_ITEM_COGS_DTL	internal	1	1	1	1	1	1	prod	
46	EAI	ERP	IF_SRD_DPS_ERP_0031	GL Report명 관리	full	dbo	EGL_BI_REPORTS		full			BIS_MGR	OD_ERP_EGL_BI_REPORTS		full		ERPSYS	ERP_EGL_BI_REPORTS	external	1	1	1	1	1	1	prod	
47	EAI	ERP	IF_SRD_DPS_ERP_0032	GL 사업부 정보	full	dbo	EGL_DIVISION_V		full			BIS_MGR	OD_ERP_EGL_DIVISION_V		full		ERPSYS	ERP_EGL_DIVISION_V	external	1	1	1	1	1	1	prod	
48	EAI	ERP	IF_SRD_DPS_ERP_0033	GL 전표 Headers	upsert	dbo	GL_JE_HEADERS	FROM_YYYYMM,TO_YYYYMM,FROM_DATE,TO_DATE	yyyy-MM,yyyyMMdd			BIS_MGR	OD_ERP_GL_JE_HEADERS	LAST_UPDATE_DATE,LAST_UPDATE_DATE	yyyyMMdd	mm	ERPSYS	ERP_GL_JE_HEADERS	internal	0	0	0	1	1	1	prod	
49	EAI	ERP	IF_SRD_DPS_ERP_0034	GL 전표 Lines	upsert	dbo	GL_JE_LINES	FROM_YYYYMM,TO_YYYYMM,FROM_DATE,TO_DATE	yyyy-MM,yyyyMMdd			BIS_MGR	OD_ERP_GL_JE_LINES	LAST_UPDATE_DATE,LAST_UPDATE_DATE	yyyyMMdd	mm	ERPSYS	ERP_GL_JE_LINES	internal	1	1	1	1	1	1	prod	
50	EAI	ERP	IF_SRD_DPS_ERP_0035	GL 카테고리	full	dbo	GL_JE_CATEGORIES_V		full			BIS_MGR	OD_ERP_GL_JE_CATEGORIES_V		full		ERPSYS	ERP_GL_JE_CATEGORIES_V	external	1	1	1	1	1	1	prod	
51	EAI	ERP	IF_SRD_DPS_ERP_0036	영업주문 내역 (Header)	upsert	dbo	OE_ORDER_HEADERS_ALL	FROM_DATE,TO_DATE	yyyyMMdd			BIS_MGR	OD_ERP_OE_ORDER_HEADERS	CREATION_DATE,LAST_UPDATE_DATE	yyyyMMdd	mm	ERPSYS	ERP_OE_ORDER_HEADERS	internal	1	1	1	1	1	1	prod	
52	EAI	ERP	IF_SRD_DPS_ERP_0037	영업주문 내역 (Line)	upsert	dbo	OE_ORDER_LINES_ALL	FROM_DATE,TO_DATE	yyyyMMdd			BIS_MGR	OD_ERP_OE_ORDER_LINES_ALL	CREATION_DATE,LAST_UPDATE_DATE	yyyyMMdd	mm	ERPSYS	ERP_OE_ORDER_LINES_ALL	internal	1	1	1	1	1	1	prod	
53	EAI	ERP	IF_SRD_DPS_ERP_0038	수주 Project 진행기준 실적	incremental	dbo	EPA_PJT_POC_REVENUE	FROM_YYYYMM,TO_YYYYMM	yyyyMM			BIS_MGR	OD_ERP_EPA_PJT_POC_REVENUE	YYYYMM,YYYYMM	yyyyMM	mm	ERPSYS	ERP_EPA_PJT_POC_REVENUE	internal	1	1	1	1	1	1	prod	
54	EAI	ERP	IF_SRD_DPS_ERP_0039	지불계산서 상세	upsert	dbo	AP_INVOICE_DISTRIBUTIONS_ALL	FROM_DATE,TO_DATE	yyyyMMdd			BIS_MGR	OD_ERP_AP_INVO_DIST_ALL	CREATION_DATE,LAST_UPDATE_DATE	yyyyMMdd	mm	ERPSYS	ERP_AP_INVO_DIST_ALL	internal	1	1	1	1	1	1	prod	
55	EAI	ERP	IF_SRD_DPS_ERP_0040	AP 지불계산서	upsert	dbo	AP_INVOICES_ALL	FROM_DATE,TO_DATE	yyyyMMdd			BIS_MGR	OD_ERP_AP_INVOICES_ALL	GL_DATE,GL_DATE	yyyyMMdd	mm	ERPSYS	ERP_AP_INVOICES_ALL	internal	1	1	1	1	1	1	prod	
56	EAI	ERP	IF_SRD_DPS_ERP_0041	GL 룩업	full	dbo	GL_LOOKUPS		full			BIS_MGR	OD_ERP_GL_LOOKUPS_V		full		ERPSYS	ERP_GL_LOOKUPS_V	external	1	1	1	1	1	1	prod	
57	EAI	ERP	IF_SRD_DPS_ERP_0042	GL 소스	full	dbo	GL_JE_SOURCES_V		full			BIS_MGR	OD_ERP_GL_JE_SOURCES_V		full		ERPSYS	ERP_GL_JE_SOURCES_V	external	1	1	1	1	1	1	prod	
58	EAI	ERP	IF_SRD_DPS_ERP_0043	GL 전표 Batches	upsert	dbo	GL_JE_BATCHES	FROM_DATE,TO_DATE	yyyyMMdd			BIS_MGR	OD_ERP_GL_JE_BATCHES	CREATION_DATE,LAST_UPDATE_DATE	yyyyMMdd	mm	ERPSYS	ERP_GL_JE_BATCHES	internal	1	1	1	1	1	1	prod	
59	EAI	ERP	IF_SRD_DPS_ERP_0044	거래선 Account Site	upsert	dbo	HZ_CUST_ACCT_SITES_ALL	FROM_DATE,TO_DATE	yyyyMMdd			BIS_MGR	OD_ERP_HZ_CUST_ACCT_SITES	CREATION_DATE,LAST_UPDATE_DATE	yyyyMMdd	mm	ERPSYS	ERP_HZ_CUST_ACCT_SITES	internal	1	1	1	1	1	1	prod	
60	EAI	ERP	IF_SRD_DPS_ERP_0045	거래선 Site	upsert	dbo	HZ_CUST_SITE_USES_ALL	FROM_DATE,TO_DATE	yyyyMMdd			BIS_MGR	OD_ERP_HZ_CUST_SITE_USES	CREATION_DATE,LAST_UPDATE_DATE	yyyyMMdd	mm	ERPSYS	ERP_HZ_CUST_SITE_USES	internal	1	1	1	1	1	1	prod	
61	EAI	ERP	IF_SRD_DPS_ERP_0046	GL 유효 계정 조합 정보	upsert	dbo	GL_CODE_COMBINATIONS	FROM_DATE,TO_DATE	yyyyMMdd			BIS_MGR	OD_ERP_GL_CODE_COMB	LAST_UPDATE_DATE,LAST_UPDATE_DATE	yyyyMMdd	mm	ERPSYS	ERP_GL_CODE_COMB	internal	1	1	1	1	1	1	prod	
62	EAI	ERP	IF_SRD_DPS_ERP_0047	Item Categories	upsert	dbo	MTL_ITEM_CATEGORIES	FROM_DATE,TO_DATE	yyyyMMdd			BIS_MGR	OD_ERP_MTL_ITEM_CATEGORIES	LAST_UPDATE_DATE,LAST_UPDATE_DATE	yyyyMMdd	mm	ERPSYS	ERP_MTL_ITEM_CATEGORIES	internal	1	1	1	1	1	1	prod	
63	EAI	ERP	IF_SRD_DPS_ERP_0048	Item Master	upsert	dbo	MTL_ITEM_SYSTEM_ITEMS_B	FROM_DATE,TO_DATE	yyyyMMdd			BIS_MGR	OD_ERP_MTL_SYSTEM_ITEMS_B	LAST_UPDATE_DATE,LAST_UPDATE_DATE	yyyyMMdd	mm	ERPSYS	ERP_MTL_SYSTEM_ITEMS_B	internal	1	1	1	1	1	1	prod	
64	EAI	ERP	IF_SRD_DPS_ERP_0049	거래선 Party	upsert	dbo	HZ_PARTIES	FROM_DATE,TO_DATE	yyyyMMdd			BIS_MGR	OD_ERP_HZ_PARTIES	CREATION_DATE,LAST_UPDATE_DATE	yyyyMMdd	mm	ERPSYS	ERP_HZ_PARTIES	internal	1	1	1	1	1	1	prod	
65	EAI	ERP	IF_SRD_DPS_ERP_0050	거래선 Profile Class	full	dbo	HZ_CUST_PROFILE_CLASSES		full			BIS_MGR	OD_ERP_HZ_CUST_PROF_CLAS		full		ERPSYS	ERP_HZ_CUST_PROF_CLAS	external	1	1	1	1	1	1	prod	
66	EAI	ERP	IF_SRD_DPS_ERP_0051	수주 공수 및 비용	full	dbo	AT_PLAN_INFORMATION		full			BIS_MGR	OD_ERP_AT_PLAN_INFORMATION_F		full		ERPSYS	ERP_AT_PLAN_INFORMATION_F	external	1	1	1	1	1	1	prod	
67	EAI	ERP	IF_SRD_DPS_ERP_0052	유효 목표원가 정보(Task단위)	full	dbo	EPA_A0060_V		full			BIS_MGR	OD_ERP_EPA_A0060_V		full		ERPSYS	ERP_EPA_A0060_V	external	1	1	1	1	1	1	prod	
68	EAI	ERP	IF_SRD_DPS_ERP_0053	유효 수주가 정보(Task단위)	upsert	dbo	EPA_A0020_V	FROM_DATE,TO_DATE	yyyyMMdd			BIS_MGR	OD_ERP_EPA_A0020_V	BASELINED_DATE,BASELINED_DATE	yyyyMMdd	mm	ERPSYS	ERP_EPA_A0020_V	internal	1	1	1	1	1	1	prod	
69	EAI	ERP	IF_SRD_DPS_ERP_0054	GL FSG 수행결과	incremental	dbo	EGL_BI_REPORT_RESULTS	From Period,To Period	yyyy-MM			BIS_MGR	OD_ERP_EGL_BI_REPORT_RESULTS	Period,Period	yyyy-MM	mm	ERPSYS	ERP_EGL_BI_REPORT_RESULTS	internal	1	1	1	1	1	1	prod	
70	EAI	ERP	IF_SRD_DPS_ERP_0055	GL 부서 정보	full	dbo	EGL_DEPT_V		full			BIS_MGR	OD_ERP_EGL_DEPT_V		full		ERPSYS	ERP_EGL_DEPT_V	external	1	1	1	1	1	1	prod	
71	EAI	ERP	IF_SRD_DPS_ERP_0056	거래선 Header 정보	upsert	dbo	HZ_CUST_ACCOUNTS	FROM_DATE,TO_DATE	yyyyMMdd			BIS_MGR	OD_ERP_HZ_CUST_ACCOUNTS	CREATION_DATE,LAST_UPDATE_DATE	yyyyMMdd	mm	ERPSYS	ERP_HZ_CUST_ACCOUNTS	internal	1	1	1	1	1	1	prod	
72	EAI	ERP	IF_SRD_DPS_ERP_0057	거래선 Party Sites	upsert	dbo	HZ_PARTY_SITES	FROM_DATE,TO_DATE	yyyyMMdd			BIS_MGR	OD_ERP_HZ_PARTY_SITES	CREATION_DATE,LAST_UPDATE_DATE	yyyyMMdd	mm	ERPSYS	ERP_HZ_PARTY_SITES	internal	1	1	1	1	1	1	prod	
73	EAI	ERP	IF_SRD_DPS_ERP_0058	거래선 Profile 정보	full	dbo	HZ_CUSTOMER_PROFILES		full			BIS_MGR	OD_ERP_HZ_CUST_PROFILES		full		ERPSYS	ERP_HZ_CUST_PROFILES	external	1	1	1	1	1	1	prod	
74	EAI	ERP	IF_SRD_DPS_ERP_0059	거래선 주소 정보	upsert	dbo	HZ_LOCATIONS	FROM_DATE,TO_DATE	yyyyMMdd			BIS_MGR	OD_ERP_HZ_LOCATIONS	CREATION_DATE,LAST_UPDATE_DATE	yyyyMMdd	mm	ERPSYS	ERP_HZ_LOCATIONS	internal	1	1	1	1	1	1	prod	
75	EAI	ERP	IF_SRD_DPS_ERP_0060	구매입고 정보	upsert	dbo	EPO_RCV_TRANSACTIONS_V	FROM_DATE,TO_DATE	yyyyMMdd			BIS_MGR	OD_ERP_EPO_RCV_TRANS_V	DELIVERY_DATE,DELIVERY_DATE	yyyyMMdd	mm	ERPSYS	ERP_EPO_RCV_TRANS_V	internal	1	1	1	1	1	1	prod	
76	EAI	ERP	IF_SRD_DPS_ERP_0061	국가 및 권역 정보	full	dbo	FND_TERRITORIES_TL		full			BIS_MGR	OD_ERP_FND_TERRITORIES_TL		full		ERPSYS	ERP_FND_TERRITORIES_TL	external	1	1	1	1	1	1	prod	
77	EAI	ERP	IF_SRD_DPS_ERP_0062	수주 Budget 정보	upsert	dbo	PA_BUDGET_VERSIONS	FROM_DATE,TO_DATE	yyyyMMdd			BIS_MGR	OD_ERP_PA_BUDGET_VERSIONS	LAST_UPDATE_DATE,LAST_UPDATE_DATE	yyyyMMdd	mm	ERPSYS	ERP_PA_BUDGET_VERSIONS	internal	1	1	1	1	1	1	prod	
78	EAI	ERP	IF_SRD_DPS_ERP_0063	수주 Resource List	full	dbo	PA_RESOURCE_LIST_MEMBERS		full			BIS_MGR	OD_ERP_PA_RESO_LIST_MEMBER		full		ERPSYS	ERP_PA_RESO_LIST_MEMBER	external	1	1	1	1	1	1	prod	
79	EAI	ERP	IF_SRD_DPS_ERP_0064	수주 Status	full	dbo	PA_PROJECT_STATUSES		full			BIS_MGR	OD_ERP_PA_PROJECT_STATUSES		full		ERPSYS	ERP_PA_PROJECT_STATUSES	external	1	1	1	1	1	1	prod	
80	EAI	ERP	IF_SRD_DPS_ERP_0065	수주 Resource List	upsert	dbo	PA_RESOURCE_ASSIGNMENTS	FROM_DATE,TO_DATE	yyyyMMdd			BIS_MGR	OD_ERP_PA_RESO_ASSIGNMENTS	LAST_UPDATE_DATE,LAST_UPDATE_DATE	yyyyMMdd	mm	ERPSYS	ERP_PA_RESO_ASSIGNMENTS	internal	1	1	1	1	1	1	prod	
81	EAI	ERP	IF_SRD_DPS_ERP_0066	수주매출초안라인	upsert	dbo	PA_DRAFT_REVENUE_ITEMS	FROM_DATE,TO_DATE	yyyyMMdd			BIS_MGR	OD_ERP_PA_DRAFT_REVE_ITEMS	CREATION_DATE,LAST_UPDATE_DATE	yyyyMMdd	mm	ERPSYS	ERP_PA_DRAFT_REVE_ITEMS	internal	1	1	1	1	1	1	prod	
82	EAI	ERP	IF_SRD_DPS_ERP_0067	공통 권역 정보(ISO)	full	dbo	FND_TERRITORIES		full			BIS_MGR	OD_ERP_FND_TERRITORIES		full		ERPSYS	ERP_FND_TERRITORIES	external	1	1	1	1	1	1	prod	
83	EAI	ERP	IF_SRD_DPS_ERP_0068	수주 Project Type	full	dbo	PA_PROJECT_TYPES_ALL		full			BIS_MGR	OD_ERP_PA_PROJECT_TYPES		full		ERPSYS	ERP_PA_PROJECT_TYPES	external	1	1	1	1	1	1	prod	
84	EAI	ERP	IF_SRD_DPS_ERP_0069	수주 매출 초안 Items	upsert	dbo	PA_DRAFT_INVOICE_ITEMS	FROM_DATE,TO_DATE	yyyyMMdd			BIS_MGR	OD_ERP_PA_DRAFT_INVO_ITEMS	CREATION_DATE,LAST_UPDATE_DATE	yyyyMMdd	mm	ERPSYS	ERP_PA_DRAFT_INVO_ITEMS	internal	1	1	1	1	1	1	prod	
85	EAI	ERP	IF_SRD_DPS_ERP_0070	수주 법인별 영업사원 실적	full	dbo	EPA_ORG_FOR_SALES_V		full			BIS_MGR	OD_ERP_EPA_ORG_FOR_SALES_V		full		ERPSYS	ERP_EPA_ORG_FOR_SALES_V	external	1	1	1	1	1	1	prod	
86	EAI	ERP	IF_SRD_DPS_ERP_0071	재무 권역 정보	full	dbo	RA_TERRITORIES		full			BIS_MGR	OD_ERP_RA_TERRITORIES		full		ERPSYS	ERP_RA_TERRITORIES	external	1	1	1	1	1	1	prod	
87	EAI	ERP	IF_SRD_DPS_ERP_0072	GL Maual 전표 조회	incremental	dbo	EGL_JOURNAL_INQUIRY_V	FROM_DATE,TO_DATE	yyyyMMdd			BIS_MGR	OD_ERP_EGL_JOURNAL_INQUIRY_V	BATCH_EFFECTIVE_DATE,BATCH_EFFECTIVE_DATE	yyyy-MM-dd	mm	ERPSYS	ERP_EGL_JOURNAL_INQUIRY_V	internal	1	1	1	1	1	1	prod	
88	EAI	ERP	IF_SRD_DPS_ERP_0073	GL 계정 상세	full	dbo	EGL_ACCOUNT_DETAIL_V		full			BIS_MGR	OD_ERP_EGL_ACCOUNT_DETA_V		full		ERPSYS	ERP_EGL_ACCOUNT_DETA_V	external	1	1	1	1	1	1	prod	
89	EAI	ERP	IF_SRD_DPS_ERP_0074	GL 예산 통제 계산 관리	full	dbo	EGL_BUDGET_ACCOUNTS		full			BIS_MGR	OD_ERP_EGL_BUDGET_ACCOUNTS		full		ERPSYS	ERP_EGL_BUDGET_ACCOUNTS	external	1	1	1	1	1	1	prod	
90	EAI	ERP	IF_SRD_DPS_ERP_0075	구매 Vendor 정보	upsert	dbo	PO_VENDORS	FROM_DATE,TO_DATE	yyyyMMdd			BIS_MGR	OD_ERP_PO_VENDORS_V	CREATION_DATE,LAST_UPDATE_DATE	yyyyMMdd	mm	ERPSYS	ERP_PO_VENDORS_V	internal	1	1	1	1	1	1	prod	
91	EAI	ERP	IF_SRD_DPS_ERP_0076	수주 매출 초안	upsert	dbo	PA_DRAFT_INVOICES	FROM_DATE,TO_DATE	yyyyMMdd			BIS_MGR	OD_ERP_PA_DRAFT_INVOICES	CREATION_DATE,LAST_UPDATE_DATE	yyyyMMdd	mm	ERPSYS	ERP_PA_DRAFT_INVOICES	internal	1	1	1	1	1	1	prod	
92	EAI	ERP	IF_SRD_DPS_ERP_0077	BI Item 제조원가	incremental	dbo	ECST_BI_MFG_COST_DETAILS	FROM_YYYYMM,TO_YYYYMM	yyyyMM			BIS_MGR	OD_ERP_ECST_BI_MFG_COST_DTL	YYYYMM,YYYYMM	yyyyMM	mm	ERPSYS	ERP_ECST_BI_MFG_COST_DTL	internal	1	1	1	1	1	1	prod	
93	EAI	ERP	IF_SRD_DPS_ERP_0078	구매 발주서 라인 정보	upsert	dbo	PO_LINE_LOCATIONS_ALL	FROM_DATE,TO_DATE	yyyyMMdd			BIS_MGR	OD_ERP_PO_LINE_LOCATIONS	LAST_UPDATE_DATE,LAST_UPDATE_DATE	yyyyMMdd	mm	ERPSYS	ERP_PO_LINE_LOCATIONS	internal	1	1	1	1	1	1	prod	
94	EAI	ERP	IF_SRD_DPS_ERP_0079	수주 인도기준 여부	full	dbo	PA_DELIVERY_C		full			BIS_MGR	OD_ERP_PA_DELIVERY		full		ERPSYS	ERP_PA_DELIVERY	external	1	1	1	1	1	1	prod	
95	EAI	ERP	IF_SRD_DPS_ERP_0080	영업 주문 유형	full	dbo	OE_TRANSACTION_TYPES_TL		full			BIS_MGR	OD_ERP_OE_TRAN_TYPES_TL		full		ERPSYS	ERP_OE_TRAN_TYPES_TL	external	1	1	1	1	1	1	prod	
96	EAI	ERP	IF_SRD_DPS_ERP_0081	월 영업매출실적	incremental	dbo	CCT_MP_SA_FX_INFO	FROM_YYYYMM,TO_YYYYMM	yyyyMM			BIS_MGR	OD_ERP_CCT_MP_SA_FX_INFO_F	YYYYMM,YYYYMM	yyyyMM	mm	ERPSYS	ERP_CCT_MP_SA_FX_INFO_F	internal	1	1	1	1	1	1	prod	
97	EAI	ERP	IF_SRD_DPS_ERP_0082	자동화 특가품의서 Header	upsert	dbo	EOE_SP_HEADERS	FROM_DATE,TO_DATE	yyyyMMdd			BIS_MGR	OD_ERP_EOE_SP_HEADERS	LAST_UPDATE_DATE,LAST_UPDATE_DATE	yyyyMMdd	mm	ERPSYS	ERP_EOE_SP_HEADERS	internal	1	1	1	1	1	1	prod	
98	EAI	ERP	IF_SRD_DPS_ERP_0083	AR 채권 Header	upsert	dbo	RA_CUSTOMER_TRX_ALL	FROM_DATE,TO_DATE	yyyyMMdd			BIS_MGR	OD_ERP_RA_CUSTOMER_TRX_ALL	TRX_DATE,TRX_DATE	yyyyMMdd	mm	ERPSYS	ERP_RA_CUSTOMER_TRX_ALL	internal	1	1	1	1	1	1	prod	
99	EAI	ERP	IF_SRD_DPS_ERP_0084	ECST 제조원가	incremental	dbo	ECST_COST_RESULT	FROM_DATE,TO_DATE	yyyyMMdd			BIS_MGR	OD_ERP_ECST_COST_RESULT	TRANSACTION_DATE,TRANSACTION_DATE	yyyyMMdd	mm	ERPSYS	ERP_ECST_COST_RESULT	internal	1	1	1	1	1	1	prod	
100	EAI	ERP	IF_SRD_DPS_ERP_0085	Trial Balance View (시산)	incremental	dbo	EGL_BALANCES_V	FROM_YYYYMM,TO_YYYYMM	yyyy-MM			BIS_MGR	OD_ERP_EGL_BALANCES_V	PERIOD_NAME,PERIOD_NAME	yyyy-MM	mm	ERPSYS	ERP_EGL_BALANCES_V	internal	1	1	1	1	1	1	prod	
101	EAI	ERP	IF_SRD_DPS_ERP_0086	수주 신제품 등록 정보 내역	full	dbo	EPA_TASK_NEW_ITEMS		full			BIS_MGR	OD_ERP_EPA_TASK_NEW_ITEMS		full		ERPSYS	ERP_EPA_TASK_NEW_ITEMS	external	1	1	1	1	1	1	prod	
102	EAI	ERP	IF_SRD_DPS_ERP_0087	수주 실적 View	full	dbo	EPA_SUJU_SILJUK_V		full			BIS_MGR	OD_ERP_EPA_SUJU_SILJUK_V		full		ERPSYS	ERP_EPA_SUJU_SILJUK_V	external	1	1	1	1	1	1	prod	
103	EAI	ERP	IF_SRD_DPS_ERP_0088	영업사원	full	dbo	JTF_RS_SALESREPS		full			BIS_MGR	OD_ERP_JTF_RS_SALESREPS		full		ERPSYS	ERP_JTF_RS_SALESREPS	external	1	1	1	1	1	1	prod	
104	EAI	ERP	IF_SRD_DPS_ERP_0090	AR 채권 라인 정보	upsert	dbo	RA_CUSTOMER_TRX_LINES_ALL	FROM_DATE,TO_DATE	yyyyMMdd			BIS_MGR	OD_ERP_RA_CUST_TRX_LINES	LAST_UPDATE_DATE,LAST_UPDATE_DATE	yyyyMMdd	mm	ERPSYS	ERP_RA_CUST_TRX_LINES	internal	1	1	1	1	1	1	prod	
105	EAI	ERP	IF_SRD_DPS_ERP_0091	Invoice Status Inquiry	incremental	dbo	OE_MP_SA	FROM_DATE,TO_DATE	yyyyMMdd			BIS_MGR	OD_ERP_OE_MP_SA	TRX_DATE,TRX_DATE	yyyyMMdd	mm	ERPSYS	ERP_OE_MP_SA	internal	1	1	1	1	1	1	prod	
106	EAI	ERP	IF_SRD_DPS_ERP_0092	디지털 매출집계 기준정보	full	dbo	EBOM_DIGITAL_REVENUE_TYPE_V		full			BIS_MGR	OD_ERP_EBOM_DIGIT_REV_TYPE_V		full		ERPSYS	ERP_EBOM_DIGIT_REV_TYPE_V	external	1	1	1	1	1	1	prod	
107	EAI	ERP	IF_SRD_DPS_ERP_0093	서비스 신제품 보증관리 View	upsert	dbo	ESVC_SYSTEM_ITEMS_CLAIM_V	FROM_DATE,TO_DATE	yyyyMMdd			BIS_MGR	OD_ERP_ESVC_SYST_ITEM_CL_V	ESVC_SYSTEM_ITEMS_CLAIM_V	yyyyMMdd	mm	ERPSYS	ERP_ESVC_SYST_ITEM_CL_V	internal	1	1	1	1	1	1	prod	
108	EAI	ERP	IF_SRD_DPS_ERP_0094	수주 Task 단위의 매출액 정보	upsert	dbo	EPA_PROJECT_REVENUE_V	FROM_DATE,TO_DATE	yyyyMMdd			BIS_MGR	OD_ERP_EPA_PRO_REVENUE_V	GL_DATE,GL_DATE	yyyyMMdd	mm	ERPSYS	ERP_EPA_PRO_REVENUE_V	internal	1	1	1	1	1	1	prod	
109	EAI	ERP	IF_SRD_DPS_ERP_0095	수주 결산 이후 월별 수주잔	upsert	dbo	EPA_PROJECT_AR_BUDGETS	FROM_DATE,TO_DATE	yyyyMMdd			BIS_MGR	OD_ERP_EPA_PROJ_AR_BUDGETS	CREATION_DATE,LAST_UPDATE_DATE	yyyyMMdd	mm	ERPSYS	ERP_EPA_PROJ_AR_BUDGETS	internal	1	1	1	1	1	1	prod	
110	EAI	ERP	IF_SRD_DPS_ERP_0096	영업 납품 라인 정보	upsert	dbo	WSH_DELIVERY_DETAILS	FROM_DATE,TO_DATE	yyyyMMdd			BIS_MGR	OD_ERP_WSH_DELI_DETAILS	LAST_UPDATE_DATE,LAST_UPDATE_DATE	yyyyMMdd	mm	ERPSYS	ERP_WSH_DELI_DETAILS	internal	1	1	1	1	1	1	prod	
111	EAI	ERP	IF_SRD_DPS_ERP_0097	영업 주문 유형 상세	full	dbo	OE_TRANSACTION_TYPES_ALL		full			BIS_MGR	OD_ERP_OE_TRAN_TYPES_ALL		full		ERPSYS	ERP_OE_TRAN_TYPES_ALL	external	1	1	1	1	1	1	prod	
112	EAI	ERP	IF_SRD_DPS_ERP_0098	영업주문라인 가격적용 내역	upsert	dbo	OE_PRICE_ADJUSTMENTS	FROM_DATE,TO_DATE	yyyyMMdd			BIS_MGR	OD_ERP_OE_PRICE_ADJU	CREATION_DATE,LAST_UPDATE_DATE	yyyyMMdd	mm	ERPSYS	ERP_OE_PRICE_ADJU	internal	1	1	1	1	1	1	prod	
113	EAI	ERP	IF_SRD_DPS_ERP_0099	재고 수불 내역	upsert	dbo	MTL_MATERIAL_TRANSACTIONS	FROM_DATE,TO_DATE	yyyyMMdd			BIS_MGR	OD_ERP_MTL_MATE_TRANSACTIO	TRANSACTION_DATE,TRANSACTION_DATE	yyyyMMdd	mm	ERPSYS	ERP_MTL_MATE_TRANSACTIO	internal	1	1	1	1	1	1	prod	
114	EAI	ERP	IF_SRD_DPS_ERP_0100	전력 특가품의서 Header	upsert	dbo	EOE_SP3_HEADERS	FROM_DATE,TO_DATE	yyyyMMdd			BIS_MGR	OD_ERP_EOE_SP3_HEADERS	LAST_UPDATE_DATE,LAST_UPDATE_DATE	yyyyMMdd	mm	ERPSYS	ERP_EOE_SP3_HEADERS	internal	1	1	1	1	1	1	prod	
115	EAI	ERP	IF_SRD_DPS_ERP_0101	BOM 변경이력 View	incremental	dbo	EBOM_BI_BOM_CHANGE_V	FROM_YYYYMM,TO_YYYYMM	yyyyMM			BIS_MGR	OD_ERP_EBOM_BI_BOM_CHANGE_V	YYYYMM,YYYYMM	yyyyMM	mm	ERPSYS	ERP_EBOM_BI_BOM_CHANGE_V	internal	1	1	1	1	1	1	prod	
116	EAI	ERP	IF_SRD_DPS_ERP_0102	COST 내부거래 실적	upsert	dbo	ECST_INTERNAL_ORDERS	FROM_DATE,TO_DATE	yyyyMMdd			BIS_MGR	OD_ERP_ECST_INTERNAL_ORDERS	TRANSACTION_DATE,TRANSACTION_DATE	yyyyMMdd	mm	ERPSYS	ERP_ECST_INTERNAL_ORDERS	internal	1	1	1	1	1	1	prod	
117	EAI	ERP	IF_SRD_DPS_ERP_0103	GL 위치 뷰	full	dbo	EGL_LOCATION_V		full			BIS_MGR	OD_ERP_EGL_LOCATION_V		full		ERPSYS	ERP_EGL_LOCATION_V	external	1	1	1	1	1	1	prod	
118	EAI	ERP	IF_SRD_DPS_ERP_0104	Lookup Values 상세	upsert	dbo	FND_LOOKUP_VALUES_VL	FROM_DATE,TO_DATE	yyyyMMdd			BIS_MGR	OD_ERP_FND_LOOK_VALU_VL_V	LAST_UPDATE_DATE,LAST_UPDATE_DATE	yyyyMMdd	mm	ERPSYS	ERP_FND_LOOK_VALU_VL_V	internal	1	1	1	1	1	1	prod	
119	EAI	ERP	IF_SRD_DPS_ERP_0105	Row Set (Line-Accounts) 관리	full	dbo	EGL_BI_REPORT_ROW_LINE_ACC		full			BIS_MGR	OD_ERP_EGL_BI_RPT_ROW_LINE_ACC		full		ERPSYS	ERP_EGL_BI_RPT_ROW_LINE_ACC	external	1	1	1	1	1	1	prod	
120	EAI	ERP	IF_SRD_DPS_ERP_0106	Subledger Journal 라인 정보	incremental	dbo	XLA_AE_LINES	FROM_DATE,TO_DATE	yyyyMMdd			BIS_MGR	OD_ERP_XLA_AE_LINES	LAST_UPDATE_DATE,LAST_UPDATE_DATE	yyyyMMdd	mm	ERPSYS	ERP_XLA_AE_LINES	internal	0	0	0	0	0	0	prod	
121	EAI	ERP	IF_SRD_DPS_ERP_0107	수주 Event 유형	full	dbo	PA_EVENT_TYPES		full			BIS_MGR	OD_ERP_PA_EVENT_TYPES		full		ERPSYS	ERP_PA_EVENT_TYPES	external	1	1	1	1	1	1	prod	
122	EAI	ERP	IF_SRD_DPS_ERP_0108	원가 유형	full	dbo	CST_COST_TYPES		full			BIS_MGR	OD_ERP_CST_COST_TYPES		full		ERPSYS	ERP_CST_COST_TYPES	external	1	1	1	1	1	1	prod	
123	EAI	ERP	IF_SRD_DPS_ERP_0109	작업장 자원정보	full	dbo	BOM_RESOURCES		full			BIS_MGR	OD_ERP_BOM_RESOURCES		full		ERPSYS	ERP_BOM_RESOURCES	external	1	1	1	1	1	1	prod	
124	EAI	ERP	IF_SRD_DPS_ERP_0110	Item Master	upsert	dbo	CST_ITEM_COST_DETAILS	FROM_DATE,TO_DATE	yyyyMMdd			BIS_MGR	OD_ERP_CST_ITEM_COST_DTL_F	LAST_UPDATE_DATE,LAST_UPDATE_DATE	yyyyMMdd	mm	ERPSYS	ERP_CST_ITEM_COST_DTL_F	internal	0	0	0	1	1	1	prod	
125	EAI	ERP	IF_SRD_DPS_ERP_0111	GL 관리결산 레포트 DW	incremental	dbo	DW_CMA_CONTROL_CLOSING	FROM_YYYYMM,TO_YYYYMM	yyyyMM			BIS_MGR	DW_CMA_CONTROL_CLOSING	CLOSING_YYYYMM,CLOSING_YYYYMM	yyyyMM	mm	dbo	DW_CMA_CONTROL_CLOSING	internal	1	1	1	2	1	1	prod	
126	EAI	ERP	IF_SRD_DPS_ERP_0112	GL 관리결산 레포트 열 Lines	upsert	dbo	DD_COM_CTRL_CLOSE_COL_LN	FROM_DATE,TO_DATE	yyyyMMdd			BIS_MGR	DD_COM_CTRL_CLOSE_COL_LN	ETL_DT,ETL_DT	yyyyMMdd	mm	dbo	DD_COM_CTRL_CLOSE_COL_LN	internal	1	1	1	0	1	1	prod	ETL_DT ???????? ??? ?? param ???? ????
127	EAI	ERP	IF_SRD_DPS_ERP_0113	GL 관리결산 레포트 열 레벨 관리	upsert	dbo	DD_COM_CTRL_CLOSE_COL_LVL	FROM_DATE,TO_DATE	yyyyMMdd			BIS_MGR	DD_COM_CTRL_CLOSE_COL_LVL	ETL_DT,ETL_DT	yyyyMMdd	mm	dbo	DD_COM_CTRL_CLOSE_COL_LVL	internal	1	1	1	0	1	1	prod	ETL_DT ???????? ??? ?? param ???? ????
128	EAI	ERP	IF_SRD_DPS_ERP_0114	GL 관리결산 레포트 행 Lines	upsert	dbo	DD_COM_CTRL_CLOSE_ROW_LN	FROM_DATE,TO_DATE	yyyyMMdd			BIS_MGR	DD_COM_CTRL_CLOSE_ROW_LN	ETL_DT,ETL_DT	yyyyMMdd	mm	dbo	DD_COM_CTRL_CLOSE_ROW_LN	internal	1	1	1	0	1	1	prod	ETL_DT ???????? ??? ?? param ???? ????
129	EAI	ERP	IF_SRD_DPS_ERP_0115	GL 관리결산 레포트 열 별 조직 관리	upsert	dbo	DD_COM_CTRL_CLOSE_ROW_LVL	FROM_DATE,TO_DATE	yyyyMMdd			BIS_MGR	DD_COM_CTRL_CLOSE_ROW_LVL	ETL_DT,ETL_DT	yyyyMMdd	mm	dbo	DD_COM_CTRL_CLOSE_ROW_LVL	internal	1	1	1	0	1	1	prod	ETL_DT ???????? ??? ?? param ???? ????
130	EAI	ERP	IF_SRD_DPS_ERP_0116	GL 관리결산 레포트	full	dbo	DD_COM_CTRL_CLOSE_RPT		full			BIS_MGR	DD_COM_CTRL_CLOSE_RPT		full		dbo	DD_COM_CTRL_CLOSE_RPT	internal	1	1	1	2	1	1	prod	
131	EAI	ERP	IF_SRD_DPS_ERP_0117	사업장 창고 정보	full	dbo	MTL_SECONDARY_INVENTORIES		full			BIS_MGR	OD_ERP_MTL_SECO_INVE		full		ERPSYS	ERP_MTL_SECO_INVE	external	1	1	1	1	1	1	prod	
132	EAI	ERP	IF_SRD_DPS_ERP_0118	BOM 부서별 Allocation Rate	incremental	dbo	EBOM_DEPT_ALLOCATION_RATE	FROM_YYYY,TO_YYYY	yyyy			BIS_MGR	OD_ERP_EBOM_DEPT_ALLOC_RATE	YYYY,YYYY	yyyy	yy	ERPSYS	ERP_EBOM_DEPT_ALLOC_RATE	internal	1	1	1	1	1	1	prod	
133	EAI	ERP	IF_SRD_DPS_ERP_0119	BOM 월별 구매 자재소요량	incremental	dbo	EBOM_MTL_USED_QTY	FROM_YYYYMM,TO_YYYYMM	yyyyMM			BIS_MGR	OD_ERP_EBOM_MTL_USED_QTY	YYYYMM,YYYYMM	yyyyMM	mm	ERPSYS	ERP_EBOM_MTL_USED_QTY	internal	1	1	1	1	1	1	prod	
134	EAI	ERP	IF_SRD_DPS_ERP_0120	BOM 월별 품목별 요구 투입량	incremental	dbo	EBOM_ITEM_REQ_QTY_MONTHLY	FROM_YYYYMM,TO_YYYYMM	yyyyMM			BIS_MGR	OD_ERP_EBOM_ITEM_REQ_QTY_MON	YYYYMM,YYYYMM	yyyyMM	mm	ERPSYS	ERP_EBOM_ITEM_REQ_QTY_MON	internal	1	1	1	1	1	1	prod	
135	EAI	ERP	IF_SRD_DPS_ERP_0121	구 제품 대체품목 원가 정보	incremental	dbo	EBOM_BI_MTL_ITEM_COST_V	FROM_YYYY,TO_YYYY	yyyy			BIS_MGR	OD_ERP_EBOM_BI_MTL_ITEM_COST_V	YYYY,YYYY	yyyy	yy	ERPSYS	ERP_EBOM_BI_MTL_ITEM_COST_V	internal	1	1	1	1	1	1	prod	
136	EAI	ERP	IF_SRD_DPS_ERP_0122	부서별 원가 절감 내역	incremental	dbo	EBOM_BI_PO_DETAIL_SAVE_V	FROM_YYYYMM,TO_YYYYMM	yyyyMM			BIS_MGR	OD_ERP_EBOM_BI_PO_DTL_SAVE_V	TRANSACTION_MONTH,TRANSACTION_MONTH	yyyyMM	mm	ERPSYS	ERP_EBOM_BI_PO_DTL_SAVE_V	internal	1	1	1	1	1	1	prod	
137	EAI	ERP	IF_SRD_DPS_ERP_0123	월별 BOM 변경 내역	incremental	dbo	EBOM_BOM_CHANGE_MONTHLY	FROM_YYYYMM,TO_YYYYMM	yyyyMM			BIS_MGR	OD_ERP_EBOM_BOM_CHANGE_MONTHLY	YYYYMM,YYYYMM	yyyyMM	mm	ERPSYS	ERP_EBOM_BOM_CHANGE_MONTHLY	internal	1	1	1	1	1	1	prod	
138	EAI	ERP	IF_SRD_DPS_ERP_0124	품목 BPA 정보 조회	incremental	dbo	EBOM_BI_PLAN_BPA_V	FROM_YYYY,TO_YYYY	yyyy			BIS_MGR	OD_ERP_EBOM_BI_PLAN_BPA_V	YYYY,YYYY	yyyy	yy	ERPSYS	ERP_EBOM_BI_PLAN_BPA_V	internal	1	1	1	1	1	1	prod	
139	EAI	ERP	IF_SRD_DPS_ERP_0142	품목 계획 대비 구매 환차	full	dbo	EGL_MANAGEMENT_V		full			BIS_MGR	OD_ERP_EGL_MANAGEMENT_V		full		ERPSYS	ERP_EGL_MANAGEMENT_V	external	1	1	1	1	1	1	prod	
140	EAI	ERP	IF_SRD_DPS_ERP_0125	BOM 수주 재료비절감	incremental	dbo	EBOM_CURRENCY_RATE_DIFF	FROM_YYYYMM,TO_YYYYMM	yyyyMM			BIS_MGR	OD_ERP_EBOM_CURRENCY_RATE_DIFF	YYYYMM,YYYYMM	yyyyMM	mm	ERPSYS	ERP_EBOM_CURRENCY_RATE_DIFF	internal	1	1	1	1	1	1	prod	
141	EAI	ERP	IF_SRD_DPS_ERP_0126	BOM 월별 PJT TASK 계획	incremental	dbo	EBOM_PJT_MTL_COST_SAVE	FROM_YYYYMM,TO_YYYYMM	yyyyMM			BIS_MGR	OD_ERP_EBOM_PJT_MTL_COST_SAVE	YYYYMM,YYYYMM	yyyyMM	mm	ERPSYS	ERP_EBOM_PJT_MTL_COST_SAVE	internal	1	1	1	1	1	1	prod	
142	EAI	ERP	IF_SRD_DPS_ERP_0127	GL BI 레포트 행 Lines Calculation	incremental	dbo	EBOM_PLAN_PJT_TASK_MONTH	FROM_YYYYMM,TO_YYYYMM	yyyyMM			BIS_MGR	OD_ERP_EBOM_PLAN_PJT_TSK_M	YYYYMM,YYYYMM	yyyyMM	mm	ERPSYS	ERP_EBOM_PLAN_PJT_TSK_M	internal	1	1	1	1	1	1	prod	
143	EAI	ERP	IF_SRD_DPS_ERP_0128	GL BI 레포트 행 Lines	full	dbo	EGL_BI_REPORT_ROW_LINE_CAL		full			BIS_MGR	OD_ERP_EGL_BI_RPT_ROW_LINE_CAL		full		ERPSYS	ERP_EGL_BI_RPT_ROW_LINE_CAL	external	1	1	1	1	1	1	prod	
144	EAI	ERP	IF_SRD_DPS_ERP_0129	Material Transaction Accounts	full	dbo	EGL_BI_REPORT_ROW_LINES		full			BIS_MGR	OD_ERP_EGL_BI_RPT_ROW_LINE		full		ERPSYS	ERP_EGL_BI_RPT_ROW_LINE	external	1	1	1	1	1	1	prod	
145	EAI	ERP	IF_SRD_DPS_ERP_0130	계획대비 실적 Detail	incremental	dbo	MTL_TRANSACTION_ACCOUNTS	FROM_DATE,TO_DATE	yyyyMMdd			BIS_MGR	OD_ERP_MTL_TRAN_ACCOUNT	TRANSACTION_DATE,TRANSACTION_DATE	yyyyMMdd	mm	ERPSYS	ERP_MTL_TRAN_ACCOUNT	internal	1	1	1	1	1	1	prod	
146	EAI	ERP	IF_SRD_DPS_ERP_0131	공통 Currency 정보 상세	incremental	dbo	EDCM_MGT_MONTHLY_DETAIL	FROM_YYYYMM,TO_YYYYMM	yyyyMM			BIS_MGR	OD_ERP_EDCM_MGT_MONTH_DETAIL	YYYYMM,YYYYMM	yyyyMM	mm	ERPSYS	ERP_EDCM_MGT_MONTH_DETAIL	internal	1	1	1	1	1	1	prod	
147	EAI	ERP	IF_SRD_DPS_ERP_0132	공통 Currency 정보	full	dbo	FND_CURRENCIES_TL		full			BIS_MGR	OD_ERP_FND_CURRENCIES_TL		full		ERPSYS	ERP_FND_CURRENCIES_TL	external	1	1	1	1	1	1	prod	
148	EAI	ERP	IF_SRD_DPS_ERP_0133	구매 Vendor Sites	full	dbo	FND_CURRENCIES		full			BIS_MGR	OD_ERP_FND_CURRENCIES		full		ERPSYS	ERP_FND_CURRENCIES	external	1	1	1	1	1	1	prod	
149	EAI	ERP	IF_SRD_DPS_ERP_0134	구매 발주 Header	upsert	dbo	PO_VENDOR_SITES_ALL	FROM_DATE,TO_DATE	yyyyMMdd			BIS_MGR	OD_ERP_PO_VENDOR_SITES_V	LAST_UPDATE_DATE,LAST_UPDATE_DATE	yyyyMMdd	mm	ERPSYS	ERP_PO_VENDOR_SITES_V	internal	1	1	1	1	1	1	prod	
150	EAI	ERP	IF_SRD_DPS_ERP_0135	구매 발주 Lines	upsert	dbo	PO_HEADERS_ALL	FROM_DATE,TO_DATE	yyyyMMdd			BIS_MGR	OD_ERP_PO_HEADERS_ALL	LAST_UPDATE_DATE,LAST_UPDATE_DATE	yyyyMMdd	mm	ERPSYS	ERP_PO_HEADERS_ALL	internal	1	1	1	1	1	1	prod	
151	EAI	ERP	IF_SRD_DPS_ERP_0136	수주 Task 월별 투입 공수	upsert	dbo	PO_LINES_ALL	FROM_DATE,TO_DATE	yyyyMMdd			BIS_MGR	OD_ERP_PO_LINES_ALL	LAST_UPDATE_DATE,LAST_UPDATE_DATE	yyyyMMdd	mm	ERPSYS	ERP_PO_LINES_ALL	internal	1	1	1	1	1	1	prod	
152	EAI	ERP	IF_SRD_DPS_ERP_0137	연구소결산 계정 관리	incremental	dbo	PJT_INPUT_MAN_HOURS	FROM_YYYYMM,TO_YYYYMM	yyyyMM			BIS_MGR	OD_ERP_PJT_INPUT_MAN_HOURS_F	YYYYMM,YYYYMM	yyyyMM	mm	ERPSYS	ERP_PJT_INPUT_MAN_HOURS_F	internal	1	1	1	1	1	1	prod	
153	EAI	ERP	IF_SRD_DPS_ERP_0138	공통 Currency 정보 상세	full	dbo	EDCM_SUM_OF_ACCOUNTS_V		full			BIS_MGR	OD_ERP_EDCM_SUM_OF_ACCOUNTS_V		full		ERPSYS	ERP_EDCM_SUM_OF_ACCOUNTS_V	external	1	1	1	1	1	1	prod	
154	EAI	ERP	IF_SRD_DPS_ERP_0139	투자 승인된 집행품의의 진행 중 Transaction	full	dbo	MTL_TRANSACTION_TYPES		full			BIS_MGR	OD_ERP_MTL_TRAN_TYPES		full		ERPSYS	ERP_MTL_TRAN_TYPES	external	1	1	1	1	1	1	prod	
155	EAI	ERP	IF_SRD_DPS_ERP_0140	AR 거래선 정보	full	dbo	EIV_ALL_TRANSACTIONS_V		full			BIS_MGR	OD_ERP_EIV_ALL_TRANSACTIONS_V		full		ERPSYS	ERP_EIV_ALL_TRANSACTIONS_V	external	1	1	1	1	1	1	prod	
156	EAI	ERP	IF_SRD_DPS_ERP_0141	GL COA Management Value	full	dbo	EAR_CUSTOMERS_V		full			BIS_MGR	OD_ERP_EAR_CUSTOMERS_V		full		ERPSYS	ERP_EAR_CUSTOMERS_V	external	1	1	1	1	1	1	prod	
157	EAI	ERP	IF_SRD_DPS_ERP_0143	GL COA SPG Value	full	dbo	EGL_PRODUCT_V		full			BIS_MGR	OD_ERP_EGL_PRODUCT_V		full		ERPSYS	ERP_EGL_PRODUCT_V	external	1	1	1	1	1	1	prod	
158	EAI	ERP	IF_SRD_DPS_ERP_0144	MRP 조직 KPI 실적 상세	incremental	dbo	EMRP_KPI_VISIBLITY_PROD_WEB	FROM_DATE,TO_DATE	yyyyMMdd			BIS_MGR	OD_ERP_EMRP_KPI_VISI_PROD_WEB	BASE_DATE,BASE_DATE	yyyyMMdd	mm	ERPSYS	ERP_EMRP_KPI_VISI_PROD_WEB	internal	1	1	1	1	1	1	prod	
159	EAI	ERP	IF_SRD_DPS_ERP_0145	Subledger Event	incremental	dbo	XLA_EVENTS	FROM_DATE,TO_DATE	yyyyMMdd			BIS_MGR	OD_ERP_XLA_EVENTS	CREATION_DATE,LAST_UPDATE_DATE	yyyyMMdd	mm	ERPSYS	ERP_XLA_EVENTS	internal	0	0	0	0	0	0	prod	
160	EAI	ERP	IF_SRD_DPS_ERP_0146	SubLedger Journal Header	incremental	dbo	XLA_AE_HEADERS	FROM_DATE,TO_DATE	yyyyMMdd			BIS_MGR	OD_ERP_XLA_AE_HEADERS	CREATION_DATE,LAST_UPDATE_DATE	yyyyMMdd	mm	ERPSYS	ERP_XLA_AE_HEADERS	internal	0	0	0	0	0	0	prod	
161	EAI	ERP	IF_SRD_DPS_ERP_0147	구매납기준수율 Data	incremental	dbo	EPO_DEADLINE_BATCH_T	FROM_DATE,TO_DATE	yyyyMMdd			BIS_MGR	OD_ERP_EPO_DEAD_BATCH_T	PROMISED_DATE,PROMISED_DATE	yyyyMMdd	mm	ERPSYS	ERP_EPO_DEAD_BATCH_T	internal	1	1	1	1	1	1	prod	
162	EAI	ERP	IF_SRD_DPS_ERP_0148	구매원가절감 Data	incremental	dbo	EPO_PUR_COST_SAVE_PJT	FROM_YYYYMM,TO_YYYYMM	yyyyMM			BIS_MGR	OD_ERP_EPO_PUR_COST_SAVE	BASE_PERIOD,BASE_PERIOD	yyyyMM	mm	ERPSYS	ERP_EPO_PUR_COST_SAVE	internal	1	1	1	1	1	1	prod	
163	EAI	ERP	IF_SRD_DPS_ERP_0149	수주 원가 요소 별 Budget Lines	upsert	dbo	PA_BUDGET_LINES	FROM_DATE,TO_DATE	yyyyMMdd			BIS_MGR	OD_ERP_PA_BUDGET_LINES	LAST_UPDATE_DATE,LAST_UPDATE_DATE	yyyyMMdd	mm	ERPSYS	ERP_PA_BUDGET_LINES	internal	1	1	1	1	1	1	prod	
164	EAI	ERP	IF_SRD_DPS_ERP_0150	영업 출하반품 내역	incremental	dbo	OE_SHIP_STAT	FROM_YYYYMMDD,TO_YYYYMMDD	yyyyMMdd			BIS_MGR	OD_ERP_SHIP_STAT	TRANSACTION_DATE,TRANSACTION_DATE	yyyyMMdd	mm	ERPSYS	ERP_SHIP_STAT	internal	1	1	1	1	1	1	prod	
165	EAI	ERP	IF_SRD_DPS_ERP_0151	GL Standard FSG Axis	full	dbo	RG_REPORT_AXES_V		full			BIS_MGR	OD_ERP_RG_REPORT_AXES_V		full		ERPSYS	ERP_RG_REPORT_AXES_V	external	1	1	1	1	1	1	prod	
166	EAI	ERP	IF_SRD_DPS_ERP_0152	RG_REPORT_AXIS_SETS	full	dbo	RG_REPORT_AXIS_SETS		full			BIS_MGR	OD_ERP_RG_REPORT_AXIS_SETS		full		ERPSYS	ERP_RG_REPORT_AXIS_SETS	external	1	1	1	1	1	1	prod	
167	EAI	ERP	IF_SRD_DPS_ERP_0153	WIP Discrete Job 정보	upsert	dbo	WIP_DISCRETE_JOBS	FROM_DATE,TO_DATE	yyyyMMdd			BIS_MGR	OD_ERP_WIP_DISCRETE_JOBS	CREATION_DATE,LAST_UPDATE_DATE,PROGRAM_UPDATE_DATE	yyyyMMdd	mm	ERPSYS	ERP_WIP_DISCRETE_JOBS	internal	1	1	1	1	1	1	prod	
168	EAI	ERP	IF_SRD_DPS_ERP_0154	일일영업실적	incremental	dbo	EOE_SALES_BATCH	FROM_YYYYMM,TO_YYYYMM	yyyyMM			BIS_MGR	OD_ERP_EOE_SALES_BATCH	YYYYMM,YYYYMM	yyyyMM	mm	ERPSYS	ERP_EOE_SALES_BATCH	internal	1	1	1	1	1	1	prod	
169	EAI	ERP	IF_SRD_DPS_ERP_0155	AP 외화 지불 내역	incremental	dbo	EAP_BI_FOREIGN_PAYMENT_V	FROM_DATE,TO_DATE	yyyyMMdd			BIS_MGR	OD_ERP_EAP_BI_FOREIGN_PAY_V	REF_GL_DATE,REF_GL_DATE	yyyyMMdd	mm	ERPSYS	ERP_EAP_BI_FOREIGN_PAY_V	internal	1	1	1	1	1	1	prod	
170	EAI	ERP	IF_SRD_DPS_ERP_0156	AR Adjustments	full	dbo	AR_ADJUSTMENTS_ALL		full			BIS_MGR	OD_ERP_AR_ADJUSTMENTS_ALL		full		ERPSYS	ERP_AR_ADJUSTMENTS_ALL	external	1	1	1	1	1	1	prod	
171	EAI	ERP	IF_SRD_DPS_ERP_0157	BOM Operation Resources	full	dbo	BOM_OPERATION_RESOURCES		full			BIS_MGR	OD_ERP_BOM_OPER_RESOURCES		full		ERPSYS	ERP_BOM_OPERATION_RESOURCES	external	1	1	1	1	1	1	prod	
172	EAI	ERP	IF_SRD_DPS_ERP_0158	BOM Operation Sequence	upsert	dbo	BOM_OPERATION_SEQUENCES	FROM_DATE,TO_DATE	yyyyMMdd			BIS_MGR	OD_ERP_BOM_OPER_SEQUENCES	CREATION_DATE,LAST_UPDATE_DATE	yyyyMMdd	mm	ERPSYS	ERP_BOM_OPERATION_SEQUENCES	internal	1	1	1	1	1	1	prod	
173	EAI	ERP	IF_SRD_DPS_ERP_0159	BOM Standard Operations	full	dbo	BOM_STANDARD_OPERATIONS		full			BIS_MGR	OD_ERP_BOM_STAN_OPERATIONS		full		ERPSYS	ERP_BOM_STAN_OPERATIONS	external	1	1	1	1	1	1	prod	
174	EAI	ERP	IF_SRD_DPS_ERP_0160	BOM 부서 정보	full	dbo	BOM_DEPARTMENTS		full			BIS_MGR	OD_ERP_BOM_DEPARTMENTS		full		ERPSYS	ERP_BOM_DEPARTMENTS	external	1	1	1	1	1	1	prod	
175	EAI	ERP	IF_SRD_DPS_ERP_0161	COST 리커링 셋업	full	dbo	ECST_AUTO_RECURRING_SETUP		full			BIS_MGR	OD_ERP_ECST_AUTO_RECURR_SETUP		full		ERPSYS	ERP_ECST_AUTO_RECURR_SETUP	external	1	1	1	1	1	1	prod	
176	EAI	ERP	IF_SRD_DPS_ERP_0162	GL Standard FSG 수식 관리	full	dbo	RG_REPORT_CALCULATIONS		full			BIS_MGR	OD_ERP_RG_REPORT_CALCULATIONS		full		ERPSYS	ERP_RG_REPORT_CALCULATIONS	external	1	1	1	1	1	1	prod	
177	EAI	ERP	IF_SRD_DPS_ERP_0163	GL 리커링 배치	full	dbo	GL_RECURRING_BATCHES		full			BIS_MGR	OD_ERP_GL_RECURRING_BATCHES		full		ERPSYS	ERP_GL_RECURRING_BATCHES	external	1	1	1	1	1	1	prod	
178	EAI	ERP	IF_SRD_DPS_ERP_0164	WIP Work Order 정보	upsert	dbo	WIP_ENTITIES	FROM_DATE,TO_DATE	yyyyMMdd			BIS_MGR	OD_ERP_WIP_ENTITIES	CREATION_DATE,LAST_UPDATE_DATE	yyyyMMdd	mm	ERPSYS	ERP_WIP_ENTITIES	internal	1	1	1	1	1	1	prod	
179	EAI	ERP	IF_SRD_DPS_ERP_0165	수주 Agreements	upsert	dbo	PA_AGREEMENTS_ALL	FROM_DATE,TO_DATE	yyyyMMdd			BIS_MGR	OD_ERP_PA_AGREEMENTS_ALL	CREATION_DATE,LAST_UPDATE_DATE	yyyyMMdd	mm	ERPSYS	ERP_PA_AGREEMENTS_ALL	internal	1	1	1	1	1	1	prod	
180	EAI	ERP	IF_SRD_DPS_ERP_0166	수주 Project Funding Summary	upsert	dbo	PA_SUMMARY_PROJECT_FUNDINGS	FROM_DATE,TO_DATE	yyyyMMdd			BIS_MGR	OD_ERP_PA_SUM_PJT_FUNDINGS	CREATION_DATE,LAST_UPDATE_DATE	yyyyMMdd	mm	ERPSYS	ERP_PA_SUM_PJT_FUNDINGS	internal	1	1	1	1	1	1	prod	
181	EAI	ERP	IF_SRD_DPS_ERP_0167	원가유형 별 Item 원가	upsert	dbo	CST_ITEM_COSTS	FROM_DATE,TO_DATE	yyyyMMdd			BIS_MGR	OD_ERP_CST_ITEM_COSTS	CREATION_DATE,LAST_UPDATE_DATE	yyyyMMdd	mm	ERPSYS	ERP_CST_ITEM_COSTS	internal	0	0	0	1	1	1	prod	
182	EAI	ERP	IF_SRD_DPS_ERP_0168	자금 Hedge Operations	upsert	dbo	BTR_HEDGE_OPERATIONS	FROM_DATE,TO_DATE	yyyyMMdd			BIS_MGR	OD_ERP_BTR_HEDGE_OPERATIONS	CREATION_DATE,LAST_UPDATE_DATE	yyyyMMdd	mm	ERPSYS	ERP_BTR_HEDGE_OPERATIONS	internal	1	1	1	1	1	1	prod	
183	EAI	ERP	IF_SRD_DPS_ERP_0169	자금 Hedge 거래내역	full	dbo	BTR_HEDGE_DEALS		full			BIS_MGR	OD_ERP_BTR_HEDGE_DEALS		full		ERPSYS	ERP_BTR_HEDGE_DEALS	external	1	1	1	1	1	1	prod	
184	EAI	ERP	IF_SRD_DPS_ERP_0170	채권 Aging(수출)	incremental	dbo	EAR_AGING_EXPORT_HISTORY_M_ALL	FROM_DATE,TO_DATE	yyyyMMdd			BIS_MGR	OD_ERP_EAR_AGI_EXP_HIS_M_ALL	CREATION_DATE,LAST_UPDATE_DATE	yyyyMMdd	mm	ERPSYS	ERP_EAR_AGI_EXP_HIS_M_ALL	internal	1	1	1	1	1	1	prod	
185	EAI	ERP	IF_SRD_DPS_ERP_0171	ECST 수불부	incremental	dbo	ECST_ITEM_TXN_HISTORIES	FROM_YYYYMM,TO_YYYYMM	yyyyMM			BIS_MGR	OD_ERP_ECST_ITEM_TXN_HIST	YYYYMM,YYYYMM	yyyyMM	mm	ERPSYS	ERP_ECST_ITEM_TXN_HIST	internal	1	1	1	1	1	1	prod	
186	EAI	ERP	IF_SRD_DPS_ERP_0172	ECST 재공 수불부	incremental	dbo	ECST_WIP_VALUE_HISTORIES	FROM_YYYYMM,TO_YYYYMM	yyyyMM			BIS_MGR	OD_ERP_ECST_WIP_VALUE_HIST	YYYYMM,YYYYMM	yyyyMM	mm	ERPSYS	ERP_ECST_WIP_VALUE_HIST	internal	1	1	1	1	1	1	prod	
187	EAI	ERP	IF_SRD_DPS_ERP_0173	FA 자산보유현황	upsert	dbo	EFA_ASSET_POSSESSIONS_LIST	FROM_DATE,TO_DATE	yyyyMMdd			BIS_MGR	OD_ERP_EFA_ASSET_POSS_LIST	CREATION_DATE,LAST_UPDATE_DATE	yyyyMMdd	mm	ERPSYS	ERP_EFA_ASSET_POSS_LIST	internal	1	1	1	1	1	1	prod	
188	EAI	ERP	IF_SRD_DPS_ERP_0174	개발비 자산과 Frame 간 Mapping	upsert	dbo	EFA_BI_ASSET_FRAME_MAPPING	FROM_DATE,TO_DATE	yyyyMMdd			BIS_MGR	OD_ERP_EFA_BI_ASS_FRA_MAPPING	CREATION_DATE,LAST_UPDATE_DATE	yyyyMMdd	mm	ERPSYS	ERP_EFA_BI_ASS_FRA_MAPPING	internal	1	1	1	1	1	1	prod	
189	EAI	ERP	IF_SRD_DPS_ERP_0175	개발비 자산과 수주 Project 간 Mapping	upsert	dbo	EFA_BI_ASSET_PJT_MAPPING	FROM_DATE,TO_DATE	yyyyMMdd			BIS_MGR	OD_ERP_EFA_BI_ASS_PJT_MAPPING	CREATION_DATE,LAST_UPDATE_DATE	yyyyMMdd	mm	ERPSYS	ERP_EFA_BI_ASS_PJT_MAPPING	internal	1	1	1	1	1	1	prod	
190	EAI	ERP	IF_SRD_DPS_ERP_0176	연구소 결산 프로젝트 Setup	full	dbo	EDCM_PROJECT_INFO		full			BIS_MGR	OD_ERP_EDCM_PROJECT_INFO		full		ERPSYS	ERP_EDCM_PROJECT_INFO	external	1	1	1	1	1	1	prod	
191	EAI	ERP	IF_SRD_DPS_ERP_0177	연구소 계획 대비 실적 관리	incremental	dbo	EDCM_MGT_MONTHLY_BALANCE	FROM_YYYYMM,TO_YYYYMM	yyyyMM			BIS_MGR	OD_ERP_EDCM_MGT_MONTH_BALANCE	YYYYMM,YYYYMM	yyyyMM	mm	ERPSYS	ERP_EDCM_MGT_MONTH_BALANCE	internal	1	1	1	1	1	1	prod	
192	EAI	ERP	IF_SRD_DPS_ERP_0178	연구소 사업계획 상세	incremental	dbo	EDCM_MONTHLY_PLAN_DETAILS_V	FROM_YYYY,TO_YYYY	yyyy			BIS_MGR	OD_ERP_EDCM_MONTH_PLAN_DETL_V	YYYY,YYYY	yyyy	yy	ERPSYS	ERP_EDCM_MONTH_PLAN_DETL_V	internal	1	1	1	1	1	1	prod	
193	EAI	ERP	IF_SRD_DPS_ERP_0179	FA 자산 회계 정보	upsert	dbo	FA_DISTRIBUTION_HISTORY	FROM_DATE,TO_DATE	yyyyMMdd			BIS_MGR	OD_ERP_FA_DISTRIBUTION_HISTORY	LAST_UPDATE_DATE,LAST_UPDATE_DATE	yyyyMMdd	mm	ERPSYS	ERP_FA_DISTRIBUTION_HISTORY	internal	1	1	1	1	1	1	prod	
194	EAI	ERP	IF_SRD_DPS_ERP_0180	FA 투자 자산 정보	upsert	dbo	FA_ADDITIONS_B	FROM_DATE,TO_DATE	yyyyMMdd			BIS_MGR	OD_ERP_FA_ADDITIONS_B	CREATION_DATE,LAST_UPDATE_DATE	yyyyMMdd	mm	ERPSYS	ERP_FA_ADDITIONS_B	internal	1	1	1	2	1	1	prod	
195	EAI	ERP	IF_SRD_DPS_ERP_0181	WIP KPI 정보	incremental	dbo	EWIP_KPI_BATCH_T	FROM_YYYYMM,TO_YYYYMM	yyyyMM			BIS_MGR	OD_ERP_EWIP_KPI_BATCH_T	BASIC_DATE,BASIC_DATE	yyyyMM	mm	ERPSYS	ERP_EWIP_KPI_BATCH_T	internal	1	1	1	1	1	1	prod	
196	EAI	ERP	IF_SRD_DPS_ERP_0182	WIP 작업 지시 정보	upsert	dbo	EWIP_PLAN_WDJ_TEMP	FROM_DATE,TO_DATE	yyyyMMdd			BIS_MGR	OD_ERP_EWIP_PLAN_WDJ_TEMP	TXN_DATE,TXN_DATE	yyyyMMdd	mm	ERPSYS	ERP_EWIP_PLAN_WDJ_TEMP	internal	1	1	1	1	1	1	prod	
197	EAI	ERP	IF_SRD_DPS_ERP_0183	구매납기지연가치 손실 Data	incremental	dbo	EPO_TCOPQ_DATE_LOSS	FROM_YYYYMM,TO_YYYYMM	yyyyMM			BIS_MGR	OD_ERP_EPO_TCOPQ_DATE_LOSS	PERIOD,PERIOD	yyyyMM	mm	ERPSYS	ERP_EPO_TCOPQ_DATE_LOSS	internal	1	1	1	1	1	1	prod	
198	EAI	ERP	IF_SRD_DPS_ERP_0184	수주 미청구공사 월령 Data	incremental	dbo	EPA_UNBILLED_REVENUE_AGING	FROM_PERIOD,TO_PERIOD	yyyy-MM			BIS_MGR	OD_ERP_EPA_UNBILL_REV_AGING	PERIOD,PERIOD	yyyy-MM	mm	ERPSYS	ERP_EPA_UNBILL_REV_AGING	internal	1	1	1	1	1	1	prod	
199	EAI	ERP	IF_SRD_DPS_ERP_0185	수주 입금 처리 내역	full	dbo	EPA_PJT_RECEIPT_NR_V		full			BIS_MGR	OD_ERP_EPA_PJT_RECE_NR_V		full		ERPSYS	ERP_EPA_PJT_RECE_NR_V	external	1	1	1	1	1	1	prod	
200	EAI	ERP	IF_SRD_DPS_ERP_0186	영업 납기준수 여부 관리	incremental	dbo	EOE_LIMIT_OBSERVE	FROM_PERIOD,TO_PERIOD	yyyy-MM			BIS_MGR	OD_ERP_EOE_LIMIT_OBSERVE	PERIOD,PERIOD	yyyy-MM	mm	ERPSYS	ERP_EOE_LIMIT_OBSERVE	internal	1	1	1	1	1	1	prod	
201	EAI	ERP	IF_SRD_DPS_ERP_0187	영업 주문잔	full	dbo	EOE_BI_BACK_ORDERS		full			BIS_MGR	OD_ERP_EOE_BI_BACK_ORDERS		full		ERPSYS	ERP_EOE_BI_BACK_ORDERS	external	1	1	1	1	1	1	prod	
202	EAI	ERP	IF_SRD_DPS_ERP_0188	BI Item COGS Detail	incremental	dbo	ECST_BI_MFG_COGS_DETAILS	FROM_PERIOD,TO_PERIOD	yyyy-MM			BIS_MGR	OD_ERP_ECST_BI_MFG_COGS_DTL	PERIOD,PERIOD	yyyy-MM	mm	ERPSYS	ERP_ECST_BI_MFG_COGS_DTL	internal	1	1	1	1	1	1	prod	
203	EAI	ERP	IF_SRD_DPS_ERP_0189	AR 외상매출금 만기 관련	incremental	dbo	EAR_AGING_BASE_ALL	FROM_YYYYMM,TO_YYYYMM	yyyyMM			BIS_MGR	OD_ERP_EAR_AGING_BASE_ALL_F	GL_DATE,GL_DATE	yyyyMM	mm	ERPSYS	ERP_EAR_AGING_BASE_ALL_F	internal	1	1	1	1	1	1	prod	
204	EAI	ERP	IF_SRD_DPS_ERP_0190	PO Distributions	upsert	dbo	PO_DISTRIBUTIONS_ALL	FROM_DATE,TO_DATE	yyyyMMdd			BIS_MGR	OD_ERP_PO_DISTRIBUTIONS	LAST_UPDATE_DATE,LAST_UPDATE_DATE	yyyyMMdd	mm	ERPSYS	ERP_PO_DISTRIBUTIONS	internal	1	1	1	1	1	1	prod	
205	EAI	ERP	IF_SRD_DPS_ERP_0191	PO Line Location 아카이브	upsert	dbo	PO_LINE_LOCATIONS_ARCHIVE_ALL	FROM_DATE,TO_DATE	yyyyMMdd			BIS_MGR	OD_ERP_PO_LINE_LOCA_ARCHI	CREATION_DATE,LAST_UPDATE_DATE	yyyyMMdd	mm	ERPSYS	ERP_PO_LINE_LOCA_ARCHI	internal	1	1	1	1	1	1	prod	
206	EAI	ERP	IF_SRD_DPS_ERP_0192	PO Release 아카이브	upsert	dbo	PO_RELEASES_ARCHIVE_ALL	FROM_DATE,TO_DATE	yyyyMMdd			BIS_MGR	OD_ERP_PO_RELEASES_ARCHIVE	LAST_UPDATE_DATE,LAST_UPDATE_DATE	yyyyMMdd	mm	ERPSYS	ERP_PO_RELEASES_ARCHIVE	internal	1	1	1	1	1	1	prod	
207	EAI	ERP	IF_SRD_DPS_ERP_0193	PO Release	upsert	dbo	PO_RELEASES_ALL	FROM_DATE,TO_DATE	yyyyMMdd			BIS_MGR	OD_ERP_PO_RELEASES_ALL	LAST_UPDATE_DATE,LAST_UPDATE_DATE	yyyyMMdd	mm	ERPSYS	ERP_PO_RELEASES_ALL	internal	1	1	1	1	1	1	prod	
208	EAI	ERP	IF_SRD_DPS_ERP_0194	PR Distributions	upsert	dbo	PO_REQ_DISTRIBUTIONS_ALL	FROM_DATE,TO_DATE	yyyyMMdd			BIS_MGR	OD_ERP_PO_REQ_DIST_ALL	LAST_UPDATE_DATE,LAST_UPDATE_DATE	yyyyMMdd	mm	ERPSYS	ERP_PO_REQ_DIST_ALL	internal	1	1	1	1	1	1	prod	
209	EAI	ERP	IF_SRD_DPS_ERP_0195	PR Line 정보	upsert	dbo	PO_REQUISITION_LINES_ALL	FROM_DATE,TO_DATE	yyyyMMdd			BIS_MGR	OD_ERP_PO_REQU_LINES_ALL	LAST_UPDATE_DATE,LAST_UPDATE_DATE	yyyyMMdd	mm	ERPSYS	ERP_PO_REQU_LINES_ALL	internal	1	1	1	1	1	1	prod	
210	EAI	ERP	IF_SRD_DPS_ERP_0196	WIP Operation Resource	upsert	dbo	WIP_OPERATION_RESOURCES	FROM_DATE,TO_DATE	yyyyMMdd			BIS_MGR	OD_ERP_WIP_OPER_RESOURCES	CREATION_DATE,LAST_UPDATE_DATE	yyyyMMdd	mm	ERPSYS	ERP_WIP_OPER_RESOURCES	internal	1	1	1	1	1	1	prod	
211	EAI	ERP	IF_SRD_DPS_ERP_0197	구매입고 Shipment Lines	upsert	dbo	RCV_SHIPMENT_LINES	FROM_DATE,TO_DATE	yyyyMMdd			BIS_MGR	OD_ERP_RCV_SHIPMENT_LINES	LAST_UPDATE_DATE,LAST_UPDATE_DATE	yyyyMMdd	mm	ERPSYS	ERP_RCV_SHIPMENT_LINES	internal	0	0	0	1	1	1	prod	
212	EAI	ERP	IF_SRD_DPS_ERP_0198	구매입고반품 내역	upsert	dbo	RCV_TRANSACTIONS	FROM_DATE,TO_DATE	yyyyMMdd			BIS_MGR	OD_ERP_RCV_TRANSACTIONS	TRANSACTION_DATE,TRANSACTION_DATE	yyyyMMdd	mm	ERPSYS	ERP_RCV_TRANSACTIONS	internal	1	1	1	1	1	1	prod	
213	EAI	ERP	IF_SRD_DPS_ERP_0199	GL 관리결산 레포트 Rule	upsert	dbo	EGL_MGT_MAPPING_RULE	FROM_DATE,TO_DATE	yyyyMMdd			BIS_MGR	OD_ERP_EGL_MGT_MAPPING_RULE	UPDATE_DATE,UPDATE_DATE	yyyyMMdd	mm	ERPSYS	ERP_EGL_MGT_MAPPING_RULE	internal	0	0	0	1	1	1	prod	
214	EAI	ERP	IF_SRD_DPS_ERP_0200	INV 잉여재고	incremental	dbo	EINV_OLD_SURPLUS	FROM_YYYYMM,TO_YYYYMM	yyyyMM			BIS_MGR	OD_ERP_EINV_OLD_SURPLUS	YYYYMM,YYYYMM	yyyyMM	mm	ERPSYS	ERP_EINV_OLD_SURPLUS	internal	1	1	1	1	1	1	prod	
215	EAI	ERP	IF_SRD_DPS_ERP_0201	INV 저가평가 품목	incremental	dbo	EINV_LOW_PRICE_ESTIMATE	FROM_YYYYMM,TO_YYYYMM	yyyyMM			BIS_MGR	OD_ERP_EINV_LOW_PRICE_ESTI	YYYYMM,YYYYMM	yyyyMM	mm	ERPSYS	ERP_EINV_LOW_PRICE_ESTI	internal	1	1	1	1	1	1	prod	
216	EAI	ERP	IF_SRD_DPS_ERP_0202	MTL Move Order Headers	upsert	dbo	MTL_TXN_REQUEST_HEADERS	FROM_DATE,TO_DATE	yyyyMMdd			BIS_MGR	OD_ERP_MTL_TXN_REQU_HEAD	CREATION_DATE,LAST_UPDATE_DATE	yyyyMMdd	mm	ERPSYS	ERP_MTL_TXN_REQU_HEAD	internal	1	1	1	1	1	1	prod	
217	EAI	ERP	IF_SRD_DPS_ERP_0203	Physical Inventories	full	dbo	MTL_PHYSICAL_INVENTORIES		full			BIS_MGR	OD_ERP_MTL_PHYSICAL_INVE		full		ERPSYS	ERP_MTL_PHYSICAL_INVE	external	1	1	1	1	1	1	prod	
218	EAI	ERP	IF_SRD_DPS_ERP_0204	PO 사업계획 기준단가	incremental	dbo	EPO_BUSINESS_PLAN_PRICE	FROM_DATE,TO_DATE	yyyyMMdd			BIS_MGR	OD_ERP_EPO_BIZ_PLN_PRICE	BASIC_DATE,BASIC_DATE	yyyyMMdd	mm	ERPSYS	ERP_EPO_BIZ_PLN_PRICE	internal	1	1	1	1	1	1	prod	
219	EAI	ERP	IF_SRD_DPS_ERP_0205	PO 업체 담당자 정보	full	dbo	EPO_SUPPLIERS_BUYER_V		full			BIS_MGR	OD_ERP_EPO_SUPPLIERS_BUYER_V		full		ERPSYS	ERP_EPO_SUPPLIERS_BUYER_V	external	1	1	1	1	1	1	prod	
220	EAI	ERP	IF_SRD_DPS_ERP_0206	WIP Accounting Classe	full	dbo	WIP_ACCOUNTING_CLASSES		full			BIS_MGR	OD_ERP_WIP_ACCO_CLASSES		full		ERPSYS	ERP_WIP_ACCO_CLASSES	external	1	1	1	1	1	1	prod	
221	EAI	ERP	IF_SRD_DPS_ERP_0207	WIP Move Transactions	upsert	dbo	WIP_MOVE_TRANSACTIONS	FROM_DATE,TO_DATE	yyyyMMdd			BIS_MGR	OD_ERP_WIP_MOVE_TRAN	LAST_UPDATE_DATE,LAST_UPDATE_DATE	yyyyMMdd	mm	ERPSYS	ERP_WIP_MOVE_TRAN	internal	1	1	1	1	1	1	prod	
222	EAI	ERP	IF_SRD_DPS_ERP_0208	WIP Transaction 정보	incremental	dbo	WIP_TRANSACTIONS	FROM_DATE,TO_DATE	yyyyMMdd			BIS_MGR	OD_ERP_WIP_TRANSACTIONS	TRANSACTION_DATE,TRANSACTION_DATE	yyyyMMdd	mm	ERPSYS	ERP_WIP_TRANSACTIONS	internal	1	1	1	1	1	1	prod	
223	EAI	ERP	IF_SRD_DPS_ERP_0209	구매요청 Header 정보	upsert	dbo	PO_REQUISITION_HEADERS_ALL	FROM_DATE,TO_DATE	yyyyMMdd			BIS_MGR	OD_ERP_PO_REQU_HEADERS_ALL	LAST_UPDATE_DATE,LAST_UPDATE_DATE	yyyyMMdd	mm	ERPSYS	ERP_PO_REQU_HEADERS_ALL	internal	1	1	1	1	1	1	prod	
224	EAI	ERP	IF_SRD_DPS_ERP_0210	안전 재고 정보	full	dbo	MTL_SAFETY_STOCKS		full			BIS_MGR	OD_ERP_MTL_SAFETY_STOCKS		full		ERPSYS	ERP_MTL_SAFETY_STOCKS	external	1	1	1	1	1	1	prod	
225	EAI	ERP	IF_SRD_DPS_ERP_0211	월별 수주 매출원가 재고 분개	incremental	dbo	EPA_MONTHLY_FG	FROM_YYYYMM,TO_YYYYMM	yyyyMM			BIS_MGR	OD_ERP_EPA_MONTHLY_FG	YYYYMM,YYYYMM	yyyyMM	mm	ERPSYS	ERP_EPA_MONTHLY_FG	internal	1	1	1	1	1	1	prod	
226	EAI	ERP	IF_SRD_DPS_ERP_0212	프로젝트 변경 이력	upsert	dbo	EPA_SUJU_CHANGE_HISTORY	FROM_DATE,TO_DATE	yyyyMMdd			BIS_MGR	OD_ERP_EPA_SUJU_CHAN_HIST	CREATION_DATE,CREATION_DATE	yyyyMMdd	mm	ERPSYS	ERP_EPA_SUJU_CHAN_HIST	internal	1	1	1	1	1	1	prod	
227	EAI	ERP	IF_SRD_DPS_ERP_0213	BOM Operation Routing	full	dbo	BOM_OPERATIONAL_ROUTINGS		full			BIS_MGR	OD_ERP_BOM_OPER_ROUTING		full		ERPSYS	ERP_BOM_OPER_ROUTING	external	1	1	1	1	1	1	prod	
228	EAI	ERP	IF_SRD_DPS_ERP_0214	GL Account 관리	full	dbo	EGL_ACCOUNT_V		full			BIS_MGR	OD_ERP_EGL_ACCOUNT_V		full		ERPSYS	ERP_EGL_ACCOUNT_V	external	1	1	1	1	1	1	prod	
229	EAI	ERP	IF_SRD_DPS_ERP_0215	GL 재무결산 Report Contents 관리	full	dbo	RG_REPORT_AXIS_CONTENTS		full			BIS_MGR	OD_ERP_RG_REPORT_AXIS_CONTENTS		full		ERPSYS	ERP_RG_REPORT_AXIS_CONTENTS	external	1	1	1	1	1	1	prod	
230	EAI	ERP	IF_SRD_DPS_ERP_0216	공통 권역 정보 View	full	dbo	FND_TERRITORIES_VL		full			BIS_MGR	OD_ERP_FND_TERRITORIES_VL		full		ERPSYS	ERP_FND_TERRITORIES_VL	external	1	1	1	1	1	1	prod	
231	EAI	ERP	IF_SRD_DPS_ERP_0217	매출원가 화가 된 재고내역	incremental	dbo	ECST_OBS_INVENTORY_V	FROM_YYYYMM,TO_YYYYMM	yyyyMM			BIS_MGR	OD_ERP_ECST_OBS_INVENTORY_V	YYYYMM,YYYYMM	yyyyMM	mm	ERPSYS	ERP_ECST_OBS_INVENTORY_V	internal	1	1	1	1	1	1	prod	
232	EAI	ERP	IF_SRD_DPS_ERP_0218	생산 Lookup	full	dbo	MFG_LOOKUPS_V		full			BIS_MGR	OD_ERP_MFG_LOOKUPS_V		full		ERPSYS	ERP_MFG_LOOKUPS_V	external	1	1	1	1	1	1	prod	
233	EAI	ERP	IF_SRD_DPS_ERP_0219	영업 Emerging Market 계획실적	upsert	dbo	EOE_MARKET_SALES_PLAN	FROM_DATE,TO_DATE	yyyyMMdd			BIS_MGR	OD_ERP_EOE_MARKET_SALES_PLAN	LAST_UPDATE_DATE,LAST_UPDATE_DATE	yyyyMMdd	mm	ERPSYS	ERP_EOE_MARKET_SALES_PLAN	internal	1	1	1	1	1	1	prod	
234	EAI	ERP	IF_SRD_DPS_ERP_0220	GL 재무결산 레포트 DataMart	incremental	dbo	DM_CFA_FINANCIAL_CLOSING	FROM_YYYYMM,TO_YYYYMM	yyyyMM			BIS_MGR	DM_CFA_FINANCIAL_CLOSING	CLOSING_YYYYMM,CLOSING_YYYYMM	yyyyMM	mm	dbo	DM_CFA_FINANCIAL_CLOSING	internal	1	1	1	1	1	1	prod	
235	EAI	ERP	IF_SRD_DPS_ERP_0221	GL 재무결산 레포트 관리	upsert	dbo	DD_COM_FI_CLOSE_RPT	FROM_DATE,TO_DATE	yyyyMMdd			BIS_MGR	DD_COM_FI_CLOSE_RPT	ETL_DT,ETL_DT	yyyyMMdd	mm	dbo	DD_COM_FI_CLOSE_RPT	internal	1	1	1	0	1	1	prod	ETL_DT ???????? ??? ?? param ???? ????
236	EAI	ERP	IF_SRD_DPS_ERP_0222 	GL 재무결산 레포트 실적 DW	incremental	dbo	DW_CFA_FI_CLOSE_ACCT	FROM_YYYYMM,TO_YYYYMM	yyyyMM			BIS_MGR	DW_CFA_FI_CLOSE_ACCT	CLOSING_YYYYMM,CLOSING_YYYYMM	yyyyMM	mm	dbo	DW_CFA_FI_CLOSE_ACCT	internal	1	1	1	2	1	1	prod	
237	EAI	ERP	IF_SRD_DPS_ERP_0223	GL 재무결산 레포트 행 Line	upsert	dbo	DD_COM_FI_CLOSE_ROW_LN	FROM_DATE,TO_DATE	yyyyMMdd			BIS_MGR	DD_COM_FI_CLOSE_ROW_LN	ETL_DT,ETL_DT	yyyyMMdd	mm	dbo	DD_COM_FI_CLOSE_ROW_LN	internal	1	1	1	0	1	1	prod	ETL_DT ???????? ??? ?? param ???? ????
238	EAI	ERP	IF_SRD_DPS_ERP_0224	GL 재무결산 레포트 행 레벨 관리	upsert	dbo	DD_COM_FI_CLOSE_ROW_LVL	FROM_DATE,TO_DATE	yyyyMMdd			BIS_MGR	DD_COM_FI_CLOSE_ROW_LVL	ETL_DT,ETL_DT	yyyyMMdd	mm	dbo	DD_COM_FI_CLOSE_ROW_LVL	internal	1	1	1	0	1	1	prod	ETL_DT ???????? ??? ?? param ???? ????
239	EAI	PMS	IF_SRD_DPS_PMS_0001	GL 재무결산 레포트 실적 중간 집계	full	dbo	PMS_RMS_PJT_MAP_TO_BI_V		full			BIS_MGR	OD_PMS_RMS_PJT_MAP_V		full		PMS	PMS_RMS_PJT_MAP_V	external	1	1	1	1	1	1	prod	
240	EAI	ERP	IF_SRD_DPS_ERP_0225	GHR 임직원 급여 정보	incremental	dbo	WK_DW_CFA_FI_CLOSE_LN	FROM_YYYYMM,TO_YYYYMM	yyyyMM			BIS_MGR	WK_DW_CFA_FI_CLOSE_LN	CLOSING_YYYYMM,CLOSING_YYYYMM	yyyyMM	mm	dbo	WK_DW_CFA_FI_CLOSE_LN	internal	1	1	1	2	1	1	prod	
241	EAI	GHR	IF_SRD_DPS_GHR_0001	GHR 임직원 배정 상태 유형 정보	upsert	dbo	EHR_INFO_EHPAY_RESULT_V	FROM_DATE,TO_DATE	yyyyMMdd			BIS_MGR	OD_GHR_EHR_INFO_EHPAY_RESULT_V	EFFECTIVE_DATE,EFFECTIVE_DATE	yyyyMMdd	mm	GHR	GHR_EHR_INFO_EHPAY_RESULT_V	internal	1	1	1	1	1	1	prod	
242	EAI	GHR	IF_SRD_DPS_GHR_0002	GHR 임직원 배정정보	full	dbo	PER_ASSIGNMENT_STATUS_TYPES		full			BIS_MGR	OD_GHR_PER_ASSI_STAT_TYPES		full		GHR	GHR_PER_ASSI_STAT_TYPES	external	1	1	1	1	1	1	prod	
243	EAI	GHR	IF_SRD_DPS_GHR_0003	GHR 임직원 정보	upsert	dbo	PER_ALL_ASSIGNMENT_F	FROM_DATE,TO_DATE	yyyyMMdd			BIS_MGR	OD_GHR_PER_ALL_ASSI_F	LAST_UPDATE_DATE,LAST_UPDATE_DATE	yyyyMMdd	mm	GHR	GHR_PER_ALL_ASSI_F	internal	1	1	1	1	1	1	prod	
244	EAI	GHR	IF_SRD_DPS_GHR_0004	GHR 인사부서 마스터	full	dbo	EHR_EMPLOYEES		full			BIS_MGR	OD_GHR_EHR_EMPLOYEES		full		GHR	GHR_EHR_EMPLOYEES	external	1	1	1	1	1	1	prod	
245	EAI	GHR	IF_SRD_DPS_GHR_0005	GHR 임직원 배정 정보 상세	full	dbo	EHR_DEPT_MASTER		full			BIS_MGR	OD_GHR_EHR_DEPT_MASTER		full		GHR	GHR_EHR_DEPT_MASTER	external	1	1	1	1	1	1	prod	
246	EAI	GHR	IF_SRD_DPS_GHR_0006	GHR 인사 조직 정보	full	dbo	EHPAY_ASSIGNMENT_INFO_V		full			BIS_MGR	OD_GHR_EHPAY_ASSI_INFO_V		full		GHR	GHR_EHPAY_ASSI_INFO_V	external	1	1	1	1	1	1	prod	
247	EAI	GHR	IF_SRD_DPS_GHR_0007	GHR 국내외 학교 정보	full	dbo	HR_ALL_ORGANIZATION_UNITS		full			BIS_MGR	OD_GHR_HR_ALL_ORGA_UNITS		full		GHR	GHR_HR_ALL_ORGA_UNITS	external	1	1	1	1	1	1	prod	
248	EAI	GHR	IF_SRD_DPS_GHR_0008	GHR 인사 직무 정보	full	dbo	PER_ESTABLISHMENTS		full			BIS_MGR	OD_GHR_PER_ESTABLISHMENTS		full		GHR	GHR_PER_ESTABLISHMENTS	external	1	1	1	1	1	1	prod	
249	EAI	GHR	IF_SRD_DPS_GHR_0009	GHR 임직원 학력 정보	upsert	dbo	PER_JOB_DEFINITIONS	FROM_DATE,TO_DATE	yyyyMMdd			BIS_MGR	OD_GHR_PER_JOB_DEFI	LAST_UPDATE_DATE,LAST_UPDATE_DATE	yyyyMMdd	mm	GHR	GHR_PER_JOB_DEFI	internal	1	1	1	1	1	1	prod	
250	EAI	GHR	IF_SRD_DPS_GHR_0010	GHR 전체 인사 정보	upsert	dbo	PER_ESTABLISHMENT_ATTENDANCES	FROM_DATE,TO_DATE	yyyyMMdd			BIS_MGR	OD_GHR_PER_EST_ATTENDANCES	CREATION_DATE,LAST_UPDATE_DATE	yyyyMMdd	mm	GHR	GHR_PER_EST_ATTENDANCES	internal	1	1	1	1	1	1	prod	
251	EAI	GHR	IF_SRD_DPS_GHR_0011	GHR 부서별 OT 현황	full	dbo	GHR_PER_ALL_PEOPLE_F		full			BIS_MGR	OD_GHR_PER_ALL_PEOPLE_F		full		GHR	GHR_PER_ALL_PEOPLE_F	external	1	1	1	1	1	1	prod	
252	EAI	GHR	IF_SRD_DPS_GHR_0012	GHR 인사 직무 정보(PER_JOBS)	incremental	dbo	EHTLM_DAILY_RESULT	FROM_DATE,TO_DATE	yyyyMMdd			BIS_MGR	OD_GHR_EHTLM_DAILY_RESULT_F	TL_DATE,TL_DATE	yyyyMMdd	mm	GHR	GHR_EHTLM_DAILY_RESULT_F	internal	1	1	1	1	1	1	prod	
253	EAI	GHR	IF_SRD_DPS_GHR_0013	인사 Lookup Values	full	dbo	PER_JOBS		full			BIS_MGR	OD_GHR_PER_JOBS		full		GHR	GHR_PER_JOBS	external	1	1	1	1	1	1	prod	
254	EAI	GHR	IF_SRD_DPS_GHR_0014	DASH_KpiMaster	full	dbo	GHR_FND_LOOKUP_VALUES		full			BIS_MGR	OD_GHR_FND_LOOKUP_VALUES		full		GHR	GHR_FND_LOOKUP_VALUES	external	1	1	1	1	1	1	prod	
255	EAI	MNLINP	IF_SRD_DPS_MNLINP_0001	DASH_조직Master? 	incremental	dbo	BI_DASH_KPI_MASTER	YYYY,YYYY	yyyy			EIS_DEV	BI_DASH_KPI_MASTER	YYYY,YYYY	yyyy	yy	dbo	BI_DASH_KPI_MASTER	internal	1	1	1	1	1	1	prod	
256	EAI	MNLINP	IF_SRD_DPS_MNLINP_0002	DASH_조직별현황_실행점검	incremental	dbo	BI_DASH_HIERARCHY_MASTER	YYYY,YYYY	yyyy			EIS_DEV	BI_DASH_HIERARCHY_MASTER	YYYY,YYYY	yyyy	yy	dbo	BI_DASH_HIERARCHY_MASTER	internal	1	1	1	1	1	1	prod	
257	EAI	MNLINP	IF_SRD_DPS_MNLINP_0003	PMS 연구소 과제 매핑	upsert	dbo	BI_DASH_KPI_INPUT_MNLINP	YYYYMM,YYYYMM	yyyyMM			EIS_DEV	BI_DASH_KPI_INPUT_MNLINP	YYYYMM,YYYYMM	yyyyMM	mm	dbo	BI_DASH_KPI_INPUT_MNLINP	internal	1	1	1	2	1	1	prod	
258	EAI	RMS	IF_SRD_DPS_RMS_0001	RMS Character Values	full	dbo	TR_CHARACVALUE		full			BIS_MGR	OD_RMS_TR_CHARACVALUE		full		RMS	RMS_TR_CHARACVALUE	external	1	1	1	1	1	1	prod	
259	EAI	RMS	IF_SRD_DPS_RMS_0002	RMS Release Status	full	dbo	TR_RELEASESTATUS		full			BIS_MGR	OD_RMS_TR_RELEASESTATUS		full		RMS	RMS_TR_RELEASESTATUS	external	1	1	1	1	1	1	prod	
260	EAI	RMS	IF_SRD_DPS_RMS_0003	RMS TR Requests	full	dbo	TR_REQUEST		full			BIS_MGR	OD_RMS_TR_REQUEST		full		RMS	RMS_TR_REQUEST	external	1	1	1	1	1	1	prod	
261	EAI	RMS	IF_SRD_DPS_RMS_0004	RMS TR Resource 관리	full	dbo	TR_RESOURCE		full			BIS_MGR	OD_RMS_TR_RESOURCE		full		RMS	RMS_TR_RESOURCE	external	1	1	1	1	1	1	prod	
262	EAI	RMS	IF_SRD_DPS_RMS_0005	RMS TR Role 관리	full	dbo	TR_ROLE		full			BIS_MGR	OD_RMS_TR_ROLE		full		RMS	RMS_TR_ROLE	external	1	1	1	1	1	1	prod	
263	EAI	RMS	IF_SRD_DPS_RMS_0006	RMS TR Task관리	full	dbo	TR_TASK		full			BIS_MGR	OD_RMS_TR_TASK		full		RMS	RMS_TR_TASK	external	1	1	1	1	1	1	prod	
264	EAI	RMS	IF_SRD_DPS_RMS_0007	RMS TR 과제 Access	full	dbo	TR_STEPACCESS		full			BIS_MGR	OD_RMS_TR_STEPACCESS		full		RMS	RMS_TR_STEPACCESS	external	1	1	1	1	1	1	prod	
265	EAI	RMS	IF_SRD_DPS_RMS_0008	RMS TR 과제 Character Values 매핑	full	dbo	TR_STEPCHARAC		full			BIS_MGR	OD_RMS_TR_STEPCHARAC		full		RMS	RMS_TR_STEPCHARAC	external	1	1	1	1	1	1	prod	
266	EAI	RMS	IF_SRD_DPS_RMS_0009	RMS TR 과제 관리	full	dbo	TR_STEP		full			BIS_MGR	OD_RMS_TR_STEP		full		RMS	RMS_TR_STEP	external	1	1	1	1	1	1	prod	
267	EAI	RMS	IF_SRD_DPS_RMS_0010	RMS 과제관리	full	dbo	RMSD_RND_STEP		full			BIS_MGR	OD_RMS_RMSD_RND_STEP		full		RMS	RMS_RMSD_RND_STEP	external	1	1	1	1	1	1	prod	
268	EAI	RMS	IF_SRD_DPS_RMS_0011	RMS ERP 프로젝트 기준 과제 관리	full	dbo	RMSD_STEP_ERPCD		full			BIS_MGR	OD_RMS_RMSD_STEP_ERPCD		full		RMS	RMS_RMSD_STEP_ERPCD	external	1	1	1	1	1	1	prod	
269	EAI	RMS	IF_SRD_DPS_RMS_0012	RMS Parts 프로젝트 매핑	full	dbo	LSISPARTPROJECTLINK		full			BIS_MGR	OD_RMS_LSISPARTPROJECTLINK		full		RMS	RMS_LSISPARTPROJECTLINK	external	1	1	1	1	1	1	prod	
270	EAI	RMS	IF_SRD_DPS_RMS_0013	RMS Approval History	upsert	dbo	LSISAPPROVALHISTORY	FROM_DATE,TO_DATE	yyyyMMdd			BIS_MGR	OD_RMS_LSISAPPROVALHISTORY	UPDATESTAMPA2,UPDATESTAMPA2	yyyyMMdd	mm	RMS	RMS_LSISAPPROVALHISTORY	internal	1	1	1	1	1	1	prod	
271	EAI	RMS	IF_SRD_DPS_RMS_0014	RMS COST 내역	full	dbo	RMSD_COMP_COST		full			BIS_MGR	OD_RMS_RMSD_COMP_COST		full		RMS	RMS_RMSD_COMP_COST	external	1	1	1	1	1	1	prod	
272	EAI	RMS	IF_SRD_DPS_RMS_0015	RMS Cost 변경 내역	full	dbo	RMSD_CHANGE_COST		full			BIS_MGR	OD_RMS_RMSD_CHANGE_COST		full		RMS	RMS_RMSD_CHANGE_COST	external	1	1	1	1	1	1	prod	
273	EAI	RMS	IF_SRD_DPS_RMS_0016	RMS Invest 내역	full	dbo	RMSD_COMP_INVEST		full			BIS_MGR	OD_RMS_RMSD_COMP_INVEST		full		RMS	RMS_RMSD_COMP_INVEST	external	1	1	1	1	1	1	prod	
274	EAI	RMS	IF_SRD_DPS_RMS_0017	RMS Output	upsert	dbo	RMSD_OUTPUT	FROM_DATE,TO_DATE	yyyyMMdd			BIS_MGR	OD_RMS_RMSD_OUTPUT	REGDT,REGDT	yyyyMMdd	mm	RMS	RMS_RMSD_OUTPUT	internal	1	1	1	1	1	1	prod	
275	EAI	RMS	IF_SRD_DPS_RMS_0018	RMS RND 변경 내역	full	dbo	RMSD_CHANGE_RND		full			BIS_MGR	OD_RMS_RMSD_CHANGE_RND		full		RMS	RMS_RMSD_CHANGE_RND	external	1	1	1	1	1	1	prod	
276	EAI	RMS	IF_SRD_DPS_RMS_0019	RMS 과제 변경이력 관리	full	dbo	RMSD_APP_CHANGE		full			BIS_MGR	OD_RMS_RMSD_APP_CHANGE		full		RMS	RMS_RMSD_APP_CHANGE	external	1	1	1	1	1	1	prod	
277	EAI	RMS	IF_SRD_DPS_RMS_0020	RMS 연구과제 완료 관리	full	dbo	RMSD_APP_COMPLETE		full			BIS_MGR	OD_RMS_RMSD_APP_COMPLETE		full		RMS	RMS_RMSD_APP_COMPLETE	external	1	1	1	1	1	1	prod	
278	EAI	RMS	IF_SRD_DPS_RMS_0021	RMS BI 프로젝트 정보	full	dbo	BI_RMS_PJTINFO_V		full			BIS_MGR	OD_RMS_BI_PJTINFO_V		full		RMS	RMS_BI_PJTINFO_V	external	1	1	1	1	1	1	prod	
279	EAI	RMS	IF_SRD_DPS_RMS_0022	RMS 개발일정 최종변경계획	full	dbo	BI_CHANGE_MAX_SCHEDULE_VIEW		full			BIS_MGR	OD_RMS_BI_CHG_MAX_SCHD_V		full		RMS	RMS_BI_CHG_MAX_SCHD_V	external	1	1	1	1	1	1	prod	
280	EAI	RMS	IF_SRD_DPS_RMS_0023	RMS 연구소 프로젝트 품목 정보	full	dbo	BI_ORDER_ITEM_V		full			BIS_MGR	OD_RMS_BI_ORDER_ITEM_V		full		RMS	RMS_BI_ORDER_ITEM_V	external	1	1	1	1	1	1	prod	
281	EAI	RMS	IF_SRD_DPS_RMS_0024	RMS 투입자원 최종변경계획	full	dbo	BI_CHANGE_MAX_INVEST_VIEW		full			BIS_MGR	OD_RMS_BI_CHG_MAX_IVST_V		full		RMS	RMS_BI_CHG_MAX_IVST_V	external	1	1	1	1	1	1	prod	
282	EAI	RMS	IF_SRD_DPS_RMS_0025	RMS TR 과제 변경 이력	incremental	dbo	TR_STEP_HIST	FROM_YYYYMM,TO_YYYYMM	yyyyMM			BIS_MGR	OD_RMS_TR_STEP_HIST	BACKUP_MM,BACKUP_MM	yyyyMM	mm	RMS	RMS_TR_STEP_HIST	internal	1	1	1	1	1	1	prod	
283	EAI	RMS	IF_SRD_DPS_RMS_0026	RMS 과제 완료 시 계획 관리	full	dbo	BI_COMP_GOAL_M_VIEW		full			BIS_MGR	OD_RMS_BI_COMP_GOAL_M_V		full		RMS	RMS_BI_COMP_GOAL_M_V	external	1	1	1	1	1	1	prod	
284	EAI	RMS	IF_SRD_DPS_RMS_0027	RMS 과제 완료 시 일정 관리	full	dbo	BI_COMP_SCHEDULE_VIEW		full			BIS_MGR	OD_RMS_BI_COMP_SCHD_V		full		RMS	RMS_BI_COMP_SCHD_V	external	1	1	1	1	1	1	prod	
285	EAI	RMS	IF_SRD_DPS_RMS_0028	RMS 과제 일정 계획	full	dbo	BI_PLAN_SCHEDULE_VIEW		full			BIS_MGR	OD_RMS_BI_PLAN_SCHEDULE_V		full		RMS	RMS_BI_PLAN_SCHEDULE_V	external	1	1	1	1	1	1	prod	
286	EAI	RMS	IF_SRD_DPS_RMS_0029	RMS 과제 착수 시 계획 관리	full	dbo	BI_START_GOAL_M_VIEW		full			BIS_MGR	OD_RMS_BI_START_GOAL_M_V		full		RMS	RMS_BI_START_GOAL_M_V	external	1	1	1	1	1	1	prod	
287	EAI	RMS	IF_SRD_DPS_RMS_0030	RMS 과제 투입 자원 관리	full	dbo	BI_COMP_INVEST_VIEW		full			BIS_MGR	OD_RMS_BI_COMP_INVEST_V		full		RMS	RMS_BI_COMP_INVEST_V	external	1	1	1	1	1	1	prod	
288	EAI	RMS	IF_SRD_DPS_RMS_0031	RMS 과제 투입자원 계획	full	dbo	BI_PLAN_INVEST_VIEW		full			BIS_MGR	OD_RMS_BI_PLAN_INVEST_V		full		RMS	RMS_BI_PLAN_INVEST_V	external	1	1	1	1	1	1	prod	
289	EAI	RMS	IF_SRD_DPS_RMS_0032	RMS 프로젝트 기준 과제 변경 이력	incremental	dbo	RMSD_STEP_ERPCD_HIST	FROM_YYYYMM,TO_YYYYMM	yyyyMM			BIS_MGR	OD_RMS_RMSD_STEP_ERPCD_HIST	BACKUP_MM,BACKUP_MM	yyyyMM	mm	RMS	RMS_RMSD_STEP_ERPCD_HIST	internal	1	1	1	1	1	1	prod	
290	EAI	RMS	IF_SRD_DPS_RMS_0033	RMS 공통 코드 관리	full	dbo	RMSD_COMMON_CODE		full			BIS_MGR	OD_RMS_RMSD_COMMON_CODE		full		RMS	RMS_RMSD_COMMON_CODE	external	1	1	1	1	1	1	prod	
291	EAI	SES	IF_SRD_DPS_SES_0001	SES 업체 정보	full	dbo	SUEV_COMPANY		full			BIS_MGR	OD_SES_SUEV_COMPANY		full		SES	SES_SUEV_COMPANY	external	1	1	1	1	1	1	prod	
292	EAI	SES	IF_SRD_DPS_SES_0002	SES 업체 평가 결과	full	dbo	SUEV_REPORT		full			BIS_MGR	OD_SES_SUEV_REPORT		full		SES	SES_SUEV_REPORT	external	1	1	1	1	1	1	prod	
293	SP			yyyy단위 sp 실행 param					yyyy														1				SP?????
294	SP			yyyyMM단위 sp 실행 param					yyyyMM														1				SP?????
295	SP			yyyyMMdd단위 sp 실행 param					yyyyMMdd														1				SP?????
296	EAI	MNLINP	IF_SRD_DPS_MNLINP_0004	Global Presence Map Overseas Corp. Sales	incremental	dbo	T_FACT_GLOBAL_SALES_OTHERS	FROM_YYYYMM,TO_YYYYMM	yyyyMM			dbo	BI_DASH_SALES_RESULT	YYYYMM,YYYYMM	yyyyMM	mm	dbo	T_FACT_GLOBAL_SALES_OTHERS	internal	1	1	1	2	1	1	prod	
297	EAI	ERP	IF_SRD_DPS_ERP_0226	Project 완료 시 예상 비용	full	dbo	EPA_ADJUST_PJT_EAC		full			dbo	EPA_ADJUST_PJT_EAC		full		ERPSYS	EPA_ADJUST_PJT_EAC	external	1	1	1	1	1	1	prod	
298	EAI	ERP	IF_SRD_DPS_ERP_0227	View Claim Report	upsert	dbo	ESVC_CLAIMS_V	FROM_DATE,TO_DATE	yyyyMMdd			APPS	ESVC_CLAIMS_V	CLAIM_DATE	yyyyMMdd	mm	ERPSYS	ERP_ESVC_CLAIMS_V	internal	1	1	1	1	1	1	prod	
299	EAI	EBIZ	IF_SRD_DPS_EBIZ_0012	DASH_연결결산 실적일 I/F	incremental	dbo	BI_DASH_CNSLD_DT	YYYYMM,YYYYMM	yyyyMM			EIS_DEV	IF_S_BI_DASH_CNSLD_DT	YYYYMM,YYYYMM	yyyyMM	mm	dbo	BI_DASH_CNSLD_DT	internal	1	1	1	2	1	1	prod	
300	EAI	EBIZ	IF_SRD_DPS_EBIZ_0013	DASH_환율	incremental	dbo	BI_DASH_EXCHANGE_RATE	YYYYMM,YYYYMM	yyyyMM			EIS_DEV	IF_S_BI_DASH_EXCHANGE_RATE	YYYYMM,YYYYMM	yyyyMM	mm	dbo	BI_DASH_EXCHANGE_RATE	internal	1	1	1	2	1	1	prod	
301	EAI	CONFINAS	IF_SRD_DPS_CONFINAS_0001	CONFINAS 자회사 PL 데이터를 DPS로 IF	incremental	dbo	IF_R_CONFINAS_PL	ACCOUNT_YM,ACCOUNT_YM	yyyyMM			CON27JS_LS	VIBC_GENERAL_LEDGER_000	ACCOUNT_YM,ACCOUNT_YM	yyyyMM	mm	dbo	IF_R_CONFINAS_PL	internal	1	1	1	2	1	1	prod	
302	EAI	ERP	IF_SRD_DPS_ERP_0228	서비스 SR Detail View	upsert	dbo	ESVC_SR_DETAIL_V	FROM_DATE,TO_DATE	yyyyMMdd			APPS	ESVC_SR_DETAIL_V	RECEIPT_DATE,RECEIPT_DATE	yyyyMMdd	mm	ERPSYS	ERP_ESVC_SR_DETAIL_V	internal	1	1	1	1	1	1	prod	
303	EAI	SCM	IF_SRD_DPS_SCM_0001	제품류 PSI 품목 관리	full	dbo	SCM_DS_MT_PSI_CODE_LIST		full			dbo	DS_MT_PSI_CODE_LIST		full		SCM	SCM_DS_MT_PSI_CODE_LIST	external	1	1	1	1	1	1	prod	
304	EAI	SCM	IF_SRD_DPS_SCM_0002	SCM Item Master	upsert	dbo	SCM_DS_MT_ITEM	FROM_DATE,TO_DATE	full			dbo	DS_MT_ITEM	MODIFY_DTTM,MODIFY_DTTM	yyyyMMdd	mm	SCM	SCM_DS_MT_ITEM	external	1	1	1	1	1	1	prod	
305	EAI	PMS	IF_SRD_DPS_PMS_0002	외주정보공유서 Interface	full	dbo	PMS_DPS_OUTSOURCING_LIST		full			dbo	DPS_OUTSOURCING_LIST		full		PMS	PMS_DPS_OUTSOURCING_LIST	external	1	1	1	1	1	1	prod	
306	EAI	GHR	IF_SRD_DPS_GHR_0015	GHR 사업본부 정보	upsert	GHR	EHR_DP_CST_BASEORG_V		full			GHR	EHR_DP_CST_BASEORG_V		full		GHR	EHR_DP_CST_BASEORG_V	internal	1	1	1	1	1	1	prod	
307	EAI	GHR	IF_SRD_DPS_GHR_0016	GHR 사원 정보	full	GHR	EHR_DP_EMPLOYEE_V		full			GHR	EHR_DP_EMPLOYEE_V		full		dbo	EHR_DP_EMPLOYEE_V	external	1	1	1	1	1	1	prod	
308	EAI	PMS	IF_SRD_DPS_PMS_0003	PMS Project Master	full	dbo	PMS_DPS_PROJECT_LIST		full			dbo	PMS_DPS_PROJECT_LIST		full		PMS	PMS_DPS_PROJECT_LIST	external	1	1	1	1	1	1	prod	
309	EAI	PMS	IF_SRD_DPS_PMS_0004	PMS EPI 현황 데이터	full	dbo	PMS_EPI_REQUEST_ITEM		full			dbo	PMS_EPI_REQUEST_ITEM		full		PMS	PMS_EPI_REQUEST_ITEM	external	1	1	1	1	1	1	prod	
310	EAI	NRTY	IF_SRD_DPS_NRTY_0001	RTY 손실내역	full	dbo	RTY_PRODT_LOSS_TIME		full			dbo	RTY_PRODT_LOSS_TIME		full		dbo	RTY_PRODT_LOSS_TIME	external	1	1	1	1	1	1	prod	
311	EAI	ECONT	IF_SRD_DPS_ECONT_0001	전자계약 업체 정보	full	dbo	ECONT_CM_VENDERINFO		full			dbo	ECONT_CM_VENDERINFO		full		ECONT	ECONT_CM_VENDERINFO	external	1	1	1	1	1	1	prod	
312	EAI	ECONT	IF_SRD_DPS_ECONT_0002	전자계약 계약현황 요약	full	dbo	ECONT_CONTRACT_STAT_SUMMARY		full			dbo	ECONT_CONTRACT_STAT_SUMMARY		full		ECONT	ECONT_CONTRACT_STAT_SUMMARY	external	1	1	1	1	1	1	prod	
313	EAI	ECONT	IF_SRD_DPS_ECONT_0003	전자계약 계약현황 상세	full	dbo	ECONT_CONTRACT_STAT_DETAIL		full			dbo	ECONT_CONTRACT_STAT_DETAIL		full		ECONT	ECONT_CONTRACT_STAT_DETAIL	external	1	1	1	1	1	1	prod	
314	EAI	WELS	IF_SRR_DPS_WELS_0001	WELS 임직원 정보	full	dbo	WELS_EMPLOYEE_INFO		full			dbo	WELS_EMPLOYEE_INFO		full		dbo	WELS_EMPLOYEE_INFO	external	1	1	1	1	1	1	prod	
315	EAI	WELS	IF_SRR_DPS_WELS_0002	WELS 부서정보	full	dbo	WELS_DEPT_INFO		full			dbo	WELS_DEPT_INFO		full		dbo	WELS_DEPT_INFO	external	1	1	1	1	1	1	prod	
316	EAI	TOPS	IF_SRD_DPS_BIDDING_0001	TOPS Bidding 데이터	full	dbo	TOPS_BIDDING_DETAILS		full			TOPS	TOPS_BIDDING_DETAILS		full		TOPS	TOPS_BIDDING_DETAILS	external	1	1	1	1	1	1	prod	
317	EAI	GHR	IF_SRD_DPS_GHR_0017	GHR 인원별 공수현황	incremental	GHR	EHR_DP_TL_REQUEST_V	FROM_DATE,TO_DATE	yyyyMMdd			GHR	EHR_DP_TL_REQUEST_V	YMD,YMD	yyyyMMdd	mm	GHR	EHR_DP_TL_REQUEST_V	internal	1	1	1	1	1	1	prod	
320	EAI	GHR	IF_SRD_DPS_GHR_0020	GHR 시급(외출현황)	incremental	GHR	EHR_DP_HR_WAGE_DEDUCT	FROM_YYYYMM,TO_YYYYMM	yyyyMM			GHR	EHR_DP_HR_WAGE_DEDUCT	YMD,YMD	yyyyMMdd	mm	GHR	EHR_DP_HR_WAGE_DEDUCT	internal	1	1	1	1	1	1	prod	
321	EAI	GHR	IF_SRD_DPS_GHR_0021	GHR 인사 공통코드 마스터	full	GHR	EHR_DP_HR_COMMON_CODE		full			GHR	EHR_DP_HR_COMMON_CODE		full		GHR	EHR_DP_HR_COMMON_CODE	external	1	1	1	1	1	1	prod	
318	EAI	GHR	IF_SRD_DPS_GHR_0018	GHR 인사 조직도	incremental	GHR	EHR_DP_HR_ORGANIZATION	FROM_DATE,FROM_DATE	yyyyMMdd			GHR	EHR_DP_HR_ORGANIZATION	SDATE,SDATE	yyyyMMdd	mm	GHR	EHR_DP_HR_ORGANIZATION	internal	1	1	1	1	1	1	prod	
319	EAI	GHR	IF_SRD_DPS_GHR_0019	GHR 근태 Entry 내역	incremental	GHR	EHR_DP_HR_ATTENDANCE_ENTRY	FROM_YYYYMM,TO_YYYYMM	yyyyMM			GHR	EHR_DP_HR_ATTENDANCE_ENTRY	V_MONTH,V_MONTH	yyyyMMdd	mm	GHR	EHR_DP_HR_ATTENDANCE_ENTRY	internal	1	1	1	1	1	1	prod	
322	EAI	GHR	IF_SRD_DPS_GHR_0022	GHR 인사 공통코드 상세	full	GHR	EHR_DP_HR_COMMON_CODE_DETAIL		full			GHR	EHR_DP_HR_COMMON_CODE_DETAIL		full		GHR	EHR_DP_HR_COMMON_CODE_DETAIL	external	1	1	1	1	1	1	prod	